{"level":"http","message":"GET /api/v1/student/reviews 200 608 - 165.384 ms","timestamp":"2026-01-19T05:09:00.347Z"}
{"level":"http","message":"GET /api/v1/admin/category 200 2710 - 250.078 ms","timestamp":"2026-01-19T05:09:00.379Z"}
{"level":"http","message":"GET /api/v1/instructor/getFeaturedCourses 200 3636 - 242.131 ms","timestamp":"2026-01-19T05:09:00.415Z"}
{"level":"http","message":"GET /api/v1/admin/category 200 2710 - 129.381 ms","timestamp":"2026-01-19T05:09:12.763Z"}
{"level":"http","message":"POST /api/v1/auth/sendotp 200 118 - 245.163 ms","timestamp":"2026-01-19T05:09:34.004Z"}
{"level":"http","message":"POST /api/v1/auth/signup 201 256 - 386.775 ms","timestamp":"2026-01-19T05:10:20.277Z"}
{"level":"http","message":"POST /api/v1/auth/login 200 703 - 378.752 ms","timestamp":"2026-01-19T05:10:30.319Z"}
{"level":"http","message":"GET /api/v1/auth/instructorDashboard 200 126 - 150.781 ms","timestamp":"2026-01-19T05:10:45.206Z"}
{"level":"http","message":"GET /api/v1/instructor/getInstructorCourses 200 108 - 184.182 ms","timestamp":"2026-01-19T05:10:45.418Z"}
{"level":"http","message":"GET /api/v1/instructor/getInstructorCourses 200 108 - 202.786 ms","timestamp":"2026-01-19T05:10:51.987Z"}
{"level":"http","message":"GET /api/v1/admin/category 200 2710 - 120.851 ms","timestamp":"2026-01-19T05:10:54.935Z"}
{"level":"http","message":"GET /api/v1/student/reviews 200 608 - 133.420 ms","timestamp":"2026-01-19T05:11:04.586Z"}
{"level":"http","message":"GET /api/v1/instructor/getFeaturedCourses 200 3636 - 130.466 ms","timestamp":"2026-01-19T05:11:04.592Z"}
{"level":"http","message":"GET /api/v1/admin/category 200 2710 - 131.709 ms","timestamp":"2026-01-19T05:11:12.334Z"}
{"level":"http","message":"GET /api/v1/admin/category/694ceaee9eefb8b3c3826305 200 8312 - 504.476 ms","timestamp":"2026-01-19T05:11:12.858Z"}
{"level":"http","message":"GET /api/v1/admin/category 200 2710 - 284.845 ms","timestamp":"2026-01-19T05:13:52.473Z"}
{"level":"http","message":"GET /api/v1/admin/category/694ceaee9eefb8b3c3826305 200 8312 - 594.114 ms","timestamp":"2026-01-19T05:13:52.878Z"}
{"level":"http","message":"GET /api/v1/admin/category 200 2710 - 170.039 ms","timestamp":"2026-01-19T05:16:49.795Z"}
{"level":"http","message":"GET /api/v1/admin/category 200 2710 - 249.029 ms","timestamp":"2026-01-19T05:16:49.815Z"}
{"level":"http","message":"GET /api/v1/admin/category/694ceaee9eefb8b3c3826305 200 8312 - 532.993 ms","timestamp":"2026-01-19T05:16:51.317Z"}
{"level":"http","message":"GET /api/v1/admin/category 200 2710 - 120.388 ms","timestamp":"2026-01-19T05:16:54.225Z"}
{"level":"http","message":"GET /api/v1/admin/category 200 2710 - 170.326 ms","timestamp":"2026-01-19T05:16:54.266Z"}
{"level":"http","message":"GET /api/v1/admin/category/694ceaee9eefb8b3c3826305 200 8312 - 486.587 ms","timestamp":"2026-01-19T05:16:54.778Z"}
{"level":"http","message":"GET /api/v1/admin/category 200 2710 - 152.274 ms","timestamp":"2026-01-19T05:19:09.309Z"}
{"level":"http","message":"GET /api/v1/admin/category 200 2710 - 151.615 ms","timestamp":"2026-01-19T05:19:09.329Z"}
{"level":"http","message":"GET /api/v1/admin/category/694ceaee9eefb8b3c3826305 200 8312 - 471.759 ms","timestamp":"2026-01-19T05:19:10.437Z"}
{"level":"http","message":"GET /api/v1/admin/category 200 2710 - 175.944 ms","timestamp":"2026-01-19T05:19:12.587Z"}
{"level":"http","message":"GET /api/v1/admin/category 200 2710 - 194.275 ms","timestamp":"2026-01-19T05:19:12.600Z"}
{"level":"http","message":"GET /api/v1/admin/category/694ceaee9eefb8b3c3826305 200 8312 - 922.530 ms","timestamp":"2026-01-19T05:19:13.539Z"}
{"level":"http","message":"GET /api/v1/admin/category 200 2710 - 302.407 ms","timestamp":"2026-01-19T05:20:35.166Z"}
{"level":"http","message":"GET /api/v1/admin/category/694ceaee9eefb8b3c3826305 200 8312 - 980.849 ms","timestamp":"2026-01-19T05:20:35.869Z"}
{"level":"http","message":"GET /api/v1/admin/category 200 2710 - 498.322 ms","timestamp":"2026-01-19T05:23:17.439Z"}
{"level":"http","message":"GET /api/v1/admin/category/694ceaee9eefb8b3c3826305 200 8312 - 1279.510 ms","timestamp":"2026-01-19T05:23:18.308Z"}
{"level":"http","message":"GET /api/v1/admin/category 200 2710 - 349.704 ms","timestamp":"2026-01-19T05:26:18.223Z"}
{"level":"http","message":"GET /api/v1/admin/category/694ceaee9eefb8b3c3826305 200 8312 - 661.804 ms","timestamp":"2026-01-19T05:26:18.641Z"}
{"level":"http","message":"GET /api/v1/admin/category 200 2710 - 262.846 ms","timestamp":"2026-01-19T05:27:07.029Z"}
{"level":"http","message":"GET /api/v1/admin/category/694ceaee9eefb8b3c3826305 200 8312 - 597.855 ms","timestamp":"2026-01-19T05:27:07.426Z"}
{"level":"http","message":"GET /api/v1/admin/category 200 2710 - 400.023 ms","timestamp":"2026-01-19T05:29:23.725Z"}
{"level":"http","message":"GET /api/v1/admin/category/694ceaee9eefb8b3c3826305 200 8312 - 947.539 ms","timestamp":"2026-01-19T05:29:24.322Z"}
{"level":"http","message":"GET /api/v1/admin/category 200 2710 - 269.474 ms","timestamp":"2026-01-19T05:30:00.119Z"}
{"level":"http","message":"GET /api/v1/admin/category/67edf62e6525d3b469f05d20 200 9212 - 931.256 ms","timestamp":"2026-01-19T05:30:01.240Z"}
{"level":"http","message":"GET /api/v1/admin/category 200 2710 - 302.193 ms","timestamp":"2026-01-19T05:30:18.891Z"}
{"level":"http","message":"GET /api/v1/admin/category/67edf71d6525d3b469f05d23 200 9085 - 673.336 ms","timestamp":"2026-01-19T05:30:19.654Z"}
{"level":"http","message":"GET /api/v1/auth/instructorDashboard 401 92 - 148.948 ms","timestamp":"2026-01-19T05:30:39.066Z"}
{"level":"http","message":"POST /api/v1/auth/refresh 200 378 - 411.028 ms","timestamp":"2026-01-19T05:30:39.537Z"}
{"level":"http","message":"GET /api/v1/auth/instructorDashboard 200 126 - 170.437 ms","timestamp":"2026-01-19T05:30:39.735Z"}
{"level":"http","message":"GET /api/v1/instructor/getInstructorCourses 200 108 - 381.338 ms","timestamp":"2026-01-19T05:30:40.146Z"}
{"level":"http","message":"GET /api/v1/admin/category 200 2710 - 239.393 ms","timestamp":"2026-01-19T05:30:43.937Z"}
{"level":"http","message":"POST /api/v1/instructor/createCourse 201 1018 - 3324.276 ms","timestamp":"2026-01-19T05:33:49.141Z"}
{"level":"http","message":"POST /api/v1/instructor/createSection 201 1213 - 796.004 ms","timestamp":"2026-01-19T05:34:07.412Z"}
{"level":"http","message":"POST /api/v1/instructor/createSubSection 201 1388 - 143387.159 ms","timestamp":"2026-01-19T05:36:56.811Z"}
{"level":"http","message":"PUT /api/v1/instructor/course/696dc23c3ea70215a7b1801e 200 1134 - 490.426 ms","timestamp":"2026-01-19T05:37:20.858Z"}
{"level":"http","message":"GET /api/v1/instructor/getInstructorCourses 200 1320 - 521.558 ms","timestamp":"2026-01-19T05:37:29.298Z"}
{"level":"http","message":"GET /api/v1/auth/instructorDashboard 200 458 - 722.756 ms","timestamp":"2026-01-19T05:37:35.864Z"}
{"level":"http","message":"GET /api/v1/instructor/getInstructorCourses 200 1320 - 1224.598 ms","timestamp":"2026-01-19T05:37:37.106Z"}
{"level":"http","message":"GET /api/v1/admin/category 200 2942 - 308.327 ms","timestamp":"2026-01-19T05:38:00.909Z"}
{"level":"http","message":"GET /api/v1/auth/instructorDashboard 200 458 - 273.178 ms","timestamp":"2026-01-19T05:38:06.827Z"}
{"level":"http","message":"GET /api/v1/instructor/getInstructorCourses 200 1320 - 392.034 ms","timestamp":"2026-01-19T05:38:07.238Z"}
{"level":"http","message":"GET /api/v1/instructor/getInstructorCourses 200 1320 - 787.601 ms","timestamp":"2026-01-19T05:38:13.278Z"}
{"level":"http","message":"GET /api/v1/admin/category 200 2942 - 214.670 ms","timestamp":"2026-01-19T05:38:15.430Z"}
{"level":"http","message":"GET /api/v1/auth/canDeleteAccount 200 144 - 409.409 ms","timestamp":"2026-01-19T05:38:17.887Z"}
{"level":"http","message":"GET /api/v1/auth/instructorDashboard 401 92 - 64.151 ms","timestamp":"2026-01-19T05:46:31.860Z"}
{"level":"http","message":"POST /api/v1/auth/refresh 200 378 - 189.613 ms","timestamp":"2026-01-19T05:46:32.079Z"}
{"level":"http","message":"GET /api/v1/auth/instructorDashboard 200 458 - 124.193 ms","timestamp":"2026-01-19T05:46:32.228Z"}
{"level":"http","message":"GET /api/v1/instructor/getInstructorCourses 200 1320 - 236.680 ms","timestamp":"2026-01-19T05:46:32.486Z"}
{"level":"http","message":"GET /api/v1/auth/instructorDashboard 200 458 - 133.179 ms","timestamp":"2026-01-19T05:46:38.921Z"}
{"level":"http","message":"GET /api/v1/instructor/getInstructorCourses 200 1320 - 219.930 ms","timestamp":"2026-01-19T05:46:39.156Z"}
{"level":"http","message":"GET /api/v1/instructor/getInstructorCourses 200 1320 - 229.427 ms","timestamp":"2026-01-19T05:46:40.905Z"}
{"level":"http","message":"GET /api/v1/admin/category 200 2942 - 236.621 ms","timestamp":"2026-01-19T05:46:42.430Z"}
{"level":"http","message":"POST /api/v1/instructor/createCourse 201 1025 - 3212.660 ms","timestamp":"2026-01-19T05:51:26.800Z"}
{"level":"http","message":"POST /api/v1/instructor/createSection 201 1216 - 360.835 ms","timestamp":"2026-01-19T05:51:34.114Z"}
{"level":"http","message":"POST /api/v1/instructor/createSubSection 201 1484 - 27321.285 ms","timestamp":"2026-01-19T05:53:39.658Z"}
{"level":"http","message":"PUT /api/v1/instructor/course/696dc65e3ea70215a7b18070 200 1139 - 496.095 ms","timestamp":"2026-01-19T05:53:45.861Z"}
{"level":"http","message":"GET /api/v1/auth/instructorDashboard 200 748 - 126.006 ms","timestamp":"2026-01-19T05:53:47.745Z"}
{"level":"http","message":"GET /api/v1/instructor/getInstructorCourses 200 2480 - 233.499 ms","timestamp":"2026-01-19T05:53:48.004Z"}
{"level":"http","message":"GET /api/v1/instructor/course/696dc23c3ea70215a7b1801e 200 4971 - 187.950 ms","timestamp":"2026-01-19T05:53:51.361Z"}
{"level":"http","message":"GET /api/v1/auth/instructorDashboard 200 748 - 213.645 ms","timestamp":"2026-01-19T05:54:10.954Z"}
{"level":"http","message":"GET /api/v1/instructor/getInstructorCourses 200 2480 - 421.862 ms","timestamp":"2026-01-19T05:54:11.435Z"}
{"level":"http","message":"GET /api/v1/instructor/course/696dc65e3ea70215a7b18070 200 5892 - 343.227 ms","timestamp":"2026-01-19T05:54:15.206Z"}
{"level":"http","message":"GET /api/v1/auth/instructorDashboard 200 748 - 222.325 ms","timestamp":"2026-01-19T05:54:16.174Z"}
{"level":"http","message":"GET /api/v1/instructor/getInstructorCourses 200 2480 - 494.102 ms","timestamp":"2026-01-19T05:54:16.686Z"}
{"level":"http","message":"GET /api/v1/admin/category 200 3168 - 153.859 ms","timestamp":"2026-01-19T05:58:58.130Z"}
{"level":"http","message":"POST /api/v1/instructor/createCourse 201 1136 - 2067.006 ms","timestamp":"2026-01-19T06:01:14.808Z"}
{"level":"http","message":"POST /api/v1/instructor/createSection 201 1331 - 329.531 ms","timestamp":"2026-01-19T06:01:22.035Z"}
{"level":"http","message":"POST /api/v1/instructor/createSubSection 401 92 - 179.128 ms","timestamp":"2026-01-19T06:03:02.633Z"}
{"level":"http","message":"POST /api/v1/auth/refresh 200 378 - 138.695 ms","timestamp":"2026-01-19T06:03:02.803Z"}
{"level":"http","message":"POST /api/v1/instructor/createSubSection 201 1502 - 64762.046 ms","timestamp":"2026-01-19T06:04:07.586Z"}
{"level":"http","message":"PUT /api/v1/instructor/course/696dc8aa3ea70215a7b180bd 200 1252 - 270.841 ms","timestamp":"2026-01-19T06:04:12.187Z"}
{"level":"http","message":"GET /api/v1/auth/canDeleteAccount 200 144 - 201.071 ms","timestamp":"2026-01-19T06:04:14.400Z"}
{"level":"http","message":"GET /api/v1/auth/instructorDashboard 200 1063 - 112.954 ms","timestamp":"2026-01-19T06:04:16.023Z"}
{"level":"http","message":"GET /api/v1/instructor/getInstructorCourses 200 3865 - 211.642 ms","timestamp":"2026-01-19T06:04:16.248Z"}
{"level":"http","message":"GET /api/v1/auth/instructorDashboard 200 1063 - 124.438 ms","timestamp":"2026-01-19T06:04:30.888Z"}
{"level":"http","message":"GET /api/v1/instructor/getInstructorCourses 200 3865 - 206.946 ms","timestamp":"2026-01-19T06:04:31.108Z"}
{"level":"http","message":"GET /api/v1/instructor/getInstructorCourses 200 3865 - 218.253 ms","timestamp":"2026-01-19T06:04:34.138Z"}
{"level":"http","message":"POST /api/v1/instructor/getFullCourseDetails 200 3351 - 232.293 ms","timestamp":"2026-01-19T06:04:36.290Z"}
{"level":"http","message":"GET /api/v1/instructor/getInstructorCourses 200 3865 - 231.633 ms","timestamp":"2026-01-19T06:04:42.300Z"}
{"level":"http","message":"POST /api/v1/instructor/getFullCourseDetails 200 5910 - 257.667 ms","timestamp":"2026-01-19T06:04:44.015Z"}
{"level":"http","message":"GET /api/v1/instructor/getInstructorCourses 200 3865 - 226.897 ms","timestamp":"2026-01-19T06:04:48.894Z"}
{"level":"http","message":"POST /api/v1/instructor/getFullCourseDetails 200 5016 - 217.966 ms","timestamp":"2026-01-19T06:04:51.481Z"}
{"level":"http","message":"GET /api/v1/instructor/getInstructorCourses 200 3865 - 232.017 ms","timestamp":"2026-01-19T06:04:55.281Z"}
{"level":"http","message":"POST /api/v1/instructor/getFullCourseDetails 200 5910 - 230.115 ms","timestamp":"2026-01-19T06:05:09.561Z"}
{"level":"http","message":"GET /api/v1/instructor/getInstructorCourses 200 3865 - 304.045 ms","timestamp":"2026-01-19T06:06:17.905Z"}
{"level":"http","message":"POST /api/v1/instructor/getFullCourseDetails 200 5016 - 251.492 ms","timestamp":"2026-01-19T06:06:35.016Z"}
{"level":"http","message":"GET /api/v1/instructor/getInstructorCourses 200 3865 - 229.638 ms","timestamp":"2026-01-19T06:06:39.547Z"}
{"level":"http","message":"POST /api/v1/instructor/getFullCourseDetails 200 3351 - 232.325 ms","timestamp":"2026-01-19T06:06:41.151Z"}
{"level":"http","message":"GET /api/v1/admin/category 200 3400 - 133.473 ms","timestamp":"2026-01-19T06:06:47.852Z"}
{"level":"http","message":"POST /api/v1/instructor/getFullCourseDetails 200 3351 - 232.157 ms","timestamp":"2026-01-19T06:06:47.941Z"}
{"level":"http","message":"GET /api/v1/instructor/getInstructorCourses 200 3865 - 220.380 ms","timestamp":"2026-01-19T06:06:52.171Z"}
{"level":"http","message":"POST /api/v1/instructor/getFullCourseDetails 200 3351 - 593.017 ms","timestamp":"2026-01-19T06:08:02.236Z"}
{"level":"http","message":"GET /api/v1/instructor/getInstructorCourses 200 3865 - 439.426 ms","timestamp":"2026-01-19T06:08:05.363Z"}
{"level":"http","message":"POST /api/v1/instructor/getFullCourseDetails 200 5910 - 316.533 ms","timestamp":"2026-01-19T06:08:07.569Z"}
{"level":"http","message":"GET /api/v1/instructor/getInstructorCourses 200 3865 - 263.261 ms","timestamp":"2026-01-19T06:08:13.012Z"}
{"level":"http","message":"POST /api/v1/instructor/getFullCourseDetails 200 3351 - 268.236 ms","timestamp":"2026-01-19T06:08:14.792Z"}
{"level":"http","message":"GET /api/v1/instructor/getInstructorCourses 200 3865 - 251.282 ms","timestamp":"2026-01-19T06:08:18.506Z"}
{"level":"http","message":"POST /api/v1/instructor/getFullCourseDetails 200 5016 - 302.796 ms","timestamp":"2026-01-19T06:08:22.811Z"}
{"level":"http","message":"GET /api/v1/instructor/getInstructorCourses 200 3865 - 265.486 ms","timestamp":"2026-01-19T06:08:43.242Z"}
{"level":"http","message":"POST /api/v1/instructor/getFullCourseDetails 200 3351 - 236.590 ms","timestamp":"2026-01-19T06:08:44.905Z"}
{"level":"http","message":"GET /api/v1/admin/category 200 3400 - 389.220 ms","timestamp":"2026-01-19T06:10:29.033Z"}
{"level":"http","message":"POST /api/v1/instructor/getFullCourseDetails 200 3351 - 455.323 ms","timestamp":"2026-01-19T06:10:29.197Z"}
{"level":"http","message":"GET /api/v1/instructor/getInstructorCourses 200 3865 - 230.561 ms","timestamp":"2026-01-19T06:10:33.108Z"}
{"level":"http","message":"POST /api/v1/instructor/getFullCourseDetails 200 5910 - 245.287 ms","timestamp":"2026-01-19T06:10:35.818Z"}
{"level":"http","message":"GET /api/v1/admin/category 200 3400 - 177.317 ms","timestamp":"2026-01-19T06:12:03.394Z"}
{"level":"http","message":"POST /api/v1/instructor/getFullCourseDetails 200 5910 - 325.039 ms","timestamp":"2026-01-19T06:12:03.571Z"}
{"level":"http","message":"GET /api/v1/instructor/getInstructorCourses 200 3865 - 217.516 ms","timestamp":"2026-01-19T06:12:42.676Z"}
{"level":"http","message":"POST /api/v1/instructor/getFullCourseDetails 200 3351 - 231.887 ms","timestamp":"2026-01-19T06:12:44.297Z"}
{"level":"http","message":"GET /api/v1/instructor/getInstructorCourses 200 3865 - 211.236 ms","timestamp":"2026-01-19T06:12:55.055Z"}
{"level":"http","message":"POST /api/v1/instructor/getFullCourseDetails 200 5016 - 217.181 ms","timestamp":"2026-01-19T06:12:57.407Z"}
{"level":"http","message":"GET /api/v1/instructor/getInstructorCourses 200 3865 - 214.686 ms","timestamp":"2026-01-19T06:13:16.236Z"}
{"level":"http","message":"POST /api/v1/instructor/getFullCourseDetails 200 3351 - 220.953 ms","timestamp":"2026-01-19T06:13:20.316Z"}
{"level":"http","message":"GET /api/v1/instructor/getInstructorCourses 200 3865 - 234.777 ms","timestamp":"2026-01-19T06:13:28.409Z"}
{"level":"http","message":"DELETE /api/v1/instructor/course/696dc8aa3ea70215a7b180bd 200 95 - 394.623 ms","timestamp":"2026-01-19T06:13:33.038Z"}
{"level":"http","message":"GET /api/v1/instructor/getInstructorCourses 200 2480 - 205.643 ms","timestamp":"2026-01-19T06:13:33.258Z"}
{"level":"http","message":"POST /api/v1/instructor/getFullCourseDetails 200 5910 - 228.490 ms","timestamp":"2026-01-19T06:13:35.377Z"}
{"level":"http","message":"GET /api/v1/instructor/getInstructorCourses 200 2480 - 452.070 ms","timestamp":"2026-01-19T06:17:47.254Z"}
{"level":"http","message":"POST /api/v1/instructor/getFullCourseDetails 200 5910 - 256.063 ms","timestamp":"2026-01-19T06:17:50.261Z"}
{"level":"http","message":"GET /api/v1/admin/category 200 3168 - 134.313 ms","timestamp":"2026-01-19T06:17:59.523Z"}
{"level":"http","message":"POST /api/v1/instructor/getFullCourseDetails 200 5910 - 246.731 ms","timestamp":"2026-01-19T06:17:59.628Z"}
{"level":"http","message":"GET /api/v1/instructor/getInstructorCourses 401 92 - 21.229 ms","timestamp":"2026-01-19T06:18:23.003Z"}
{"level":"http","message":"POST /api/v1/auth/refresh 200 378 - 200.504 ms","timestamp":"2026-01-19T06:18:23.238Z"}
{"level":"http","message":"GET /api/v1/instructor/getInstructorCourses 200 2480 - 234.824 ms","timestamp":"2026-01-19T06:18:23.484Z"}
{"level":"http","message":"GET /api/v1/instructor/getInstructorCourses 401 92 - 5.557 ms","timestamp":"2026-01-19T06:18:29.564Z"}
{"level":"http","message":"POST /api/v1/auth/refresh 200 378 - 137.415 ms","timestamp":"2026-01-19T06:18:29.729Z"}
{"level":"http","message":"GET /api/v1/instructor/getInstructorCourses 200 2480 - 250.868 ms","timestamp":"2026-01-19T06:18:29.993Z"}
{"level":"http","message":"POST /api/v1/instructor/getFullCourseDetails 200 4989 - 290.831 ms","timestamp":"2026-01-19T06:18:33.193Z"}
{"level":"http","message":"GET /api/v1/instructor/getInstructorCourses 200 2480 - 259.840 ms","timestamp":"2026-01-19T06:18:47.875Z"}
{"level":"http","message":"POST /api/v1/instructor/getFullCourseDetails 200 4989 - 253.774 ms","timestamp":"2026-01-19T06:18:50.438Z"}
{"level":"http","message":"GET /api/v1/instructor/getInstructorCourses 200 2480 - 232.280 ms","timestamp":"2026-01-19T06:18:52.580Z"}
{"level":"http","message":"POST /api/v1/instructor/getFullCourseDetails 200 5910 - 236.874 ms","timestamp":"2026-01-19T06:18:54.543Z"}
{"level":"http","message":"GET /api/v1/instructor/getInstructorCourses 200 2480 - 414.233 ms","timestamp":"2026-01-19T06:21:33.450Z"}
{"level":"http","message":"POST /api/v1/instructor/getFullCourseDetails 200 4989 - 632.395 ms","timestamp":"2026-01-19T06:21:36.154Z"}
{"level":"http","message":"GET /api/v1/instructor/getInstructorCourses 200 2480 - 225.718 ms","timestamp":"2026-01-19T06:21:42.627Z"}
{"level":"http","message":"GET /api/v1/auth/instructorDashboard 200 748 - 119.337 ms","timestamp":"2026-01-19T06:21:48.134Z"}
{"level":"http","message":"GET /api/v1/instructor/getInstructorCourses 200 2480 - 224.772 ms","timestamp":"2026-01-19T06:21:48.377Z"}
{"level":"http","message":"GET /api/v1/instructor/getInstructorCourses 200 2480 - 253.962 ms","timestamp":"2026-01-19T06:22:01.430Z"}
{"level":"http","message":"GET /api/v1/auth/instructorDashboard 200 748 - 134.108 ms","timestamp":"2026-01-19T06:22:04.160Z"}
{"level":"http","message":"GET /api/v1/instructor/getInstructorCourses 200 2480 - 210.409 ms","timestamp":"2026-01-19T06:22:04.382Z"}
{"level":"http","message":"GET /api/v1/auth/instructorDashboard 200 748 - 385.358 ms","timestamp":"2026-01-19T06:23:25.260Z"}
{"level":"http","message":"GET /api/v1/instructor/getInstructorCourses 200 2480 - 242.007 ms","timestamp":"2026-01-19T06:23:25.790Z"}
{"level":"http","message":"GET /api/v1/auth/canDeleteAccount 200 144 - 223.241 ms","timestamp":"2026-01-19T06:23:48.328Z"}
{"level":"http","message":"GET /api/v1/auth/canDeleteAccount 200 144 - 275.521 ms","timestamp":"2026-01-19T06:25:35.518Z"}
{"level":"http","message":"GET /api/v1/auth/canDeleteAccount 200 144 - 383.245 ms","timestamp":"2026-01-19T06:28:49.344Z"}
{"level":"http","message":"GET /api/v1/auth/canDeleteAccount 200 144 - 327.234 ms","timestamp":"2026-01-19T06:29:02.221Z"}
{"level":"http","message":"GET /api/v1/auth/canDeleteAccount 200 144 - 396.420 ms","timestamp":"2026-01-19T06:29:17.070Z"}
{"level":"http","message":"PUT /api/v1/auth/updateProfile 200 827 - 1143.433 ms","timestamp":"2026-01-19T06:29:46.270Z"}
{"level":"http","message":"GET /api/v1/auth/canDeleteAccount 200 144 - 367.320 ms","timestamp":"2026-01-19T06:30:17.599Z"}
{"level":"http","message":"PUT /api/v1/auth/updateProfile 200 825 - 803.752 ms","timestamp":"2026-01-19T06:30:24.766Z"}
{"level":"http","message":"PUT /api/v1/auth/updateProfile 200 825 - 861.224 ms","timestamp":"2026-01-19T06:30:56.100Z"}
{"level":"http","message":"GET /api/v1/admin/category 200 3168 - 468.444 ms","timestamp":"2026-01-19T06:32:50.307Z"}
{"level":"http","message":"GET /api/v1/auth/canDeleteAccount 200 144 - 590.899 ms","timestamp":"2026-01-19T06:32:50.490Z"}
{"level":"http","message":"GET /api/v1/admin/category 200 3168 - 268.651 ms","timestamp":"2026-01-19T06:32:53.662Z"}
{"level":"http","message":"GET /api/v1/auth/canDeleteAccount 200 144 - 365.495 ms","timestamp":"2026-01-19T06:32:53.764Z"}
{"level":"http","message":"GET /api/v1/auth/canDeleteAccount 200 144 - 353.873 ms","timestamp":"2026-01-19T06:33:01.232Z"}
{"level":"http","message":"PUT /api/v1/auth/updateProfile 200 825 - 768.937 ms","timestamp":"2026-01-19T06:33:28.015Z"}
{"level":"http","message":"GET /api/v1/auth/instructorDashboard 401 92 - 31.174 ms","timestamp":"2026-01-19T06:33:39.018Z"}
{"level":"http","message":"POST /api/v1/auth/refresh 200 378 - 416.072 ms","timestamp":"2026-01-19T06:33:39.559Z"}
{"level":"http","message":"GET /api/v1/auth/instructorDashboard 200 748 - 254.036 ms","timestamp":"2026-01-19T06:33:39.908Z"}
{"level":"http","message":"GET /api/v1/instructor/getInstructorCourses 200 2480 - 558.663 ms","timestamp":"2026-01-19T06:33:40.504Z"}
{"level":"http","message":"GET /api/v1/instructor/getInstructorCourses 200 2480 - 417.934 ms","timestamp":"2026-01-19T06:33:47.925Z"}
{"level":"http","message":"GET /api/v1/auth/instructorDashboard 200 748 - 259.949 ms","timestamp":"2026-01-19T06:33:50.181Z"}
{"level":"http","message":"GET /api/v1/instructor/getInstructorCourses 200 2480 - 496.763 ms","timestamp":"2026-01-19T06:33:50.692Z"}
{"level":"http","message":"GET /api/v1/instructor/getInstructorCourses 200 2480 - 445.379 ms","timestamp":"2026-01-19T06:34:01.240Z"}
{"level":"http","message":"GET /api/v1/auth/canDeleteAccount 200 144 - 365.124 ms","timestamp":"2026-01-19T06:34:14.347Z"}
{"level":"http","message":"GET /api/v1/auth/canDeleteAccount 200 144 - 173.510 ms","timestamp":"2026-01-19T06:34:30.718Z"}
{"level":"http","message":"GET /api/v1/auth/canDeleteAccount 200 144 - 376.010 ms","timestamp":"2026-01-19T06:34:49.061Z"}
{"level":"http","message":"GET /api/v1/admin/category 200 3168 - 145.407 ms","timestamp":"2026-01-19T06:35:03.605Z"}
{"level":"http","message":"GET /api/v1/auth/canDeleteAccount 200 144 - 200.345 ms","timestamp":"2026-01-19T06:35:03.669Z"}
{"level":"http","message":"GET /api/v1/auth/instructorDashboard 200 748 - 258.653 ms","timestamp":"2026-01-19T06:35:09.235Z"}
{"level":"http","message":"GET /api/v1/instructor/getInstructorCourses 200 2480 - 455.606 ms","timestamp":"2026-01-19T06:35:09.708Z"}
{"level":"http","message":"GET /api/v1/instructor/course/696dc65e3ea70215a7b18070 200 5890 - 207.260 ms","timestamp":"2026-01-19T06:35:12.697Z"}
{"level":"http","message":"GET /api/v1/auth/instructorDashboard 200 748 - 286.333 ms","timestamp":"2026-01-19T06:35:21.830Z"}
{"level":"http","message":"GET /api/v1/instructor/getInstructorCourses 200 2480 - 486.352 ms","timestamp":"2026-01-19T06:35:22.342Z"}
{"level":"http","message":"GET /api/v1/admin/category 200 3168 - 265.882 ms","timestamp":"2026-01-19T06:35:28.485Z"}
{"level":"http","message":"GET /api/v1/auth/instructorDashboard 200 748 - 265.140 ms","timestamp":"2026-01-19T06:35:28.492Z"}
{"level":"http","message":"GET /api/v1/instructor/getInstructorCourses 200 2480 - 478.889 ms","timestamp":"2026-01-19T06:35:28.997Z"}
{"level":"http","message":"GET /api/v1/instructor/course/696dc65e3ea70215a7b18070 200 5890 - 389.223 ms","timestamp":"2026-01-19T06:35:31.352Z"}
{"level":"http","message":"GET /api/v1/auth/instructorDashboard 200 748 - 279.808 ms","timestamp":"2026-01-19T06:35:56.340Z"}
{"level":"http","message":"GET /api/v1/instructor/getInstructorCourses 200 2480 - 493.631 ms","timestamp":"2026-01-19T06:35:56.851Z"}
{"level":"http","message":"GET /api/v1/instructor/getInstructorCourses 200 2480 - 480.036 ms","timestamp":"2026-01-19T06:36:08.323Z"}
{"level":"http","message":"POST /api/v1/instructor/getFullCourseDetails 200 5908 - 446.869 ms","timestamp":"2026-01-19T06:36:10.368Z"}
{"level":"http","message":"GET /api/v1/instructor/getInstructorCourses 200 2480 - 455.217 ms","timestamp":"2026-01-19T06:36:22.657Z"}
{"level":"http","message":"GET /api/v1/auth/instructorDashboard 200 748 - 306.862 ms","timestamp":"2026-01-19T06:36:23.988Z"}
{"level":"http","message":"GET /api/v1/instructor/getInstructorCourses 200 2480 - 500.111 ms","timestamp":"2026-01-19T06:36:24.498Z"}
{"level":"http","message":"GET /api/v1/instructor/course/696dc65e3ea70215a7b18070 200 5890 - 293.103 ms","timestamp":"2026-01-19T06:36:29.212Z"}
{"level":"http","message":"GET /api/v1/admin/category 200 3168 - 213.736 ms","timestamp":"2026-01-19T06:36:34.134Z"}
{"level":"http","message":"GET /api/v1/instructor/course/696dc65e3ea70215a7b18070 200 5890 - 315.516 ms","timestamp":"2026-01-19T06:36:34.228Z"}
{"level":"http","message":"GET /api/v1/instructor/getInstructorCourses 200 2480 - 400.484 ms","timestamp":"2026-01-19T06:36:42.318Z"}
{"level":"http","message":"POST /api/v1/instructor/getFullCourseDetails 200 5908 - 435.450 ms","timestamp":"2026-01-19T06:36:44.469Z"}
{"level":"http","message":"GET /api/v1/instructor/getInstructorCourses 200 2480 - 590.547 ms","timestamp":"2026-01-19T06:36:55.938Z"}
{"level":"http","message":"GET /api/v1/auth/canDeleteAccount 200 144 - 458.631 ms","timestamp":"2026-01-19T06:39:48.509Z"}
{"level":"http","message":"PUT /api/v1/auth/updateDisplayPicture 500 1113 - 258.100 ms","timestamp":"2026-01-19T06:39:54.064Z"}
{"level":"http","message":"PUT /api/v1/auth/updateDisplayPicture 200 860 - 3862.335 ms","timestamp":"2026-01-19T06:40:12.766Z"}
{"level":"http","message":"GET /api/v1/auth/canDeleteAccount 200 144 - 390.427 ms","timestamp":"2026-01-19T06:41:02.731Z"}
{"level":"http","message":"PUT /api/v1/auth/updateProfile 200 862 - 791.644 ms","timestamp":"2026-01-19T06:41:08.158Z"}
{"level":"http","message":"GET /api/v1/admin/category 200 3168 - 483.989 ms","timestamp":"2026-01-19T06:48:23.086Z"}
{"level":"http","message":"GET /api/v1/student/reviews 200 608 - 451.782 ms","timestamp":"2026-01-19T06:48:23.122Z"}
{"level":"http","message":"GET /api/v1/instructor/getFeaturedCourses 200 3636 - 477.621 ms","timestamp":"2026-01-19T06:48:23.166Z"}
{"level":"http","message":"GET /api/v1/student/reviews 200 608 - 203.382 ms","timestamp":"2026-01-19T06:48:43.624Z"}
{"level":"http","message":"GET /api/v1/admin/category 200 3168 - 341.561 ms","timestamp":"2026-01-19T06:48:43.743Z"}
{"level":"http","message":"GET /api/v1/instructor/getFeaturedCourses 200 3636 - 326.389 ms","timestamp":"2026-01-19T06:48:43.766Z"}
{"level":"http","message":"GET / 200 62 - 167.730 ms","timestamp":"2026-01-19T06:55:06.005Z"}
{"level":"http","message":"GET / 200 62 - 3.289 ms","timestamp":"2026-01-19T06:55:06.265Z"}
{"level":"http","message":"GET /api/v1/admin/category 200 3168 - 311.135 ms","timestamp":"2026-01-19T06:58:50.228Z"}
{"level":"http","message":"GET /api/v1/student/reviews 200 608 - 295.469 ms","timestamp":"2026-01-19T06:58:50.267Z"}
{"level":"http","message":"GET /api/v1/instructor/getFeaturedCourses 200 3636 - 330.386 ms","timestamp":"2026-01-19T06:58:50.315Z"}
{"level":"http","message":"GET /api/v1/admin/category 200 3168 - 140.845 ms","timestamp":"2026-01-19T06:59:19.171Z"}
{"level":"http","message":"GET /api/v1/student/reviews 200 608 - 200.818 ms","timestamp":"2026-01-19T06:59:19.254Z"}
{"level":"http","message":"GET /api/v1/instructor/getFeaturedCourses 200 3636 - 219.153 ms","timestamp":"2026-01-19T06:59:19.276Z"}
{"level":"http","message":"GET /api/v1/auth/canDeleteAccount 401 92 - 101.011 ms","timestamp":"2026-01-19T07:00:25.223Z"}
{"level":"http","message":"GET /api/v1/admin/category 200 3168 - 647.844 ms","timestamp":"2026-01-19T07:00:25.747Z"}
{"level":"http","message":"POST /api/v1/auth/refresh 200 378 - 490.127 ms","timestamp":"2026-01-19T07:00:25.929Z"}
{"level":"http","message":"GET /api/v1/auth/canDeleteAccount 200 144 - 419.076 ms","timestamp":"2026-01-19T07:00:26.411Z"}
{"level":"http","message":"GET /api/v1/auth/canDeleteAccount 200 144 - 402.989 ms","timestamp":"2026-01-19T07:00:26.419Z"}
{"level":"http","message":"GET /api/v1/auth/canDeleteAccount 200 144 - 288.522 ms","timestamp":"2026-01-19T07:00:45.126Z"}
{"level":"http","message":"GET /api/v1/student/reviews 200 608 - 125.445 ms","timestamp":"2026-01-19T07:00:47.561Z"}
{"level":"http","message":"GET /api/v1/instructor/getFeaturedCourses 200 3636 - 135.141 ms","timestamp":"2026-01-19T07:00:47.579Z"}
{"level":"http","message":"GET /api/v1/auth/canDeleteAccount 200 144 - 184.208 ms","timestamp":"2026-01-19T07:01:09.584Z"}
{"level":"http","message":"PUT /api/v1/auth/updateProfile 200 846 - 919.493 ms","timestamp":"2026-01-19T07:01:23.377Z"}
{"level":"http","message":"GET /api/v1/auth/canDeleteAccount 200 144 - 301.090 ms","timestamp":"2026-01-19T07:01:36.760Z"}
{"level":"http","message":"PUT /api/v1/auth/updateProfile 200 852 - 1019.324 ms","timestamp":"2026-01-19T07:01:59.698Z"}
{"level":"http","message":"GET /api/v1/auth/canDeleteAccount 200 144 - 294.589 ms","timestamp":"2026-01-19T07:02:05.740Z"}
{"level":"http","message":"PUT /api/v1/auth/updateProfile 200 852 - 792.273 ms","timestamp":"2026-01-19T07:02:22.530Z"}
{"level":"http","message":"GET /api/v1/auth/canDeleteAccount 200 144 - 324.361 ms","timestamp":"2026-01-19T07:02:28.061Z"}
{"level":"http","message":"PUT /api/v1/auth/updateDisplayPicture 200 850 - 4711.190 ms","timestamp":"2026-01-19T07:02:50.588Z"}
{"level":"http","message":"PUT /api/v1/auth/updateProfile 200 852 - 389.367 ms","timestamp":"2026-01-19T07:02:55.313Z"}
{"level":"http","message":"GET /api/v1/auth/canDeleteAccount 200 144 - 310.902 ms","timestamp":"2026-01-19T07:03:04.932Z"}
{"level":"http","message":"PUT /api/v1/auth/updateDisplayPicture 200 850 - 4599.263 ms","timestamp":"2026-01-19T07:03:21.718Z"}
{"level":"http","message":"PUT /api/v1/auth/updateProfile 200 852 - 828.457 ms","timestamp":"2026-01-19T07:03:26.019Z"}
{"level":"http","message":"GET /api/v1/instructor/getInstructorCourses 200 2480 - 415.324 ms","timestamp":"2026-01-19T07:03:38.003Z"}
{"level":"http","message":"POST /api/v1/instructor/getFullCourseDetails 200 5945 - 335.067 ms","timestamp":"2026-01-19T07:03:39.829Z"}
{"level":"http","message":"POST /api/v1/instructor/getFullCourseDetails 200 5945 - 438.148 ms","timestamp":"2026-01-19T07:04:01.967Z"}
{"level":"http","message":"GET /api/v1/instructor/getInstructorCourses 200 2480 - 486.953 ms","timestamp":"2026-01-19T07:04:03.294Z"}
{"level":"http","message":"GET /api/v1/auth/canDeleteAccount 200 144 - 397.553 ms","timestamp":"2026-01-19T07:04:05.182Z"}
{"level":"http","message":"GET /api/v1/student/reviews 200 608 - 497.753 ms","timestamp":"2026-01-19T07:04:09.044Z"}
{"level":"http","message":"GET /api/v1/instructor/getFeaturedCourses 200 3636 - 503.855 ms","timestamp":"2026-01-19T07:04:09.058Z"}
{"level":"http","message":"GET /api/v1/admin/category 200 3168 - 294.227 ms","timestamp":"2026-01-19T07:04:17.842Z"}
{"level":"http","message":"GET /api/v1/admin/category/694ceaee9eefb8b3c3826305 200 8312 - 1033.292 ms","timestamp":"2026-01-19T07:04:18.965Z"}
{"level":"http","message":"GET /api/v1/admin/category 200 3168 - 279.555 ms","timestamp":"2026-01-19T07:04:36.374Z"}
{"level":"http","message":"GET /api/v1/admin/category/67edf71d6525d3b469f05d23 200 9085 - 908.349 ms","timestamp":"2026-01-19T07:04:37.397Z"}
{"level":"http","message":"GET /api/v1/student/reviews 200 608 - 198.746 ms","timestamp":"2026-01-19T07:04:57.362Z"}
{"level":"http","message":"GET /api/v1/instructor/getFeaturedCourses 200 3636 - 199.024 ms","timestamp":"2026-01-19T07:04:57.370Z"}
{"level":"http","message":"POST /api/v1/auth/login 200 780 - 918.994 ms","timestamp":"2026-01-19T07:05:11.393Z"}
{"level":"http","message":"GET /api/v1/admin/dashboard/stats 200 303 - 1046.567 ms","timestamp":"2026-01-19T07:05:28.905Z"}
{"level":"http","message":"GET /api/v1/admin/category 200 3168 - 319.257 ms","timestamp":"2026-01-19T07:05:50.723Z"}
{"level":"http","message":"GET /api/v1/admin/courses/pending 200 3890 - 512.644 ms","timestamp":"2026-01-19T07:05:50.921Z"}
{"level":"http","message":"PUT /api/v1/admin/courses/696dc65e3ea70215a7b18070/featured 200 1097 - 415.112 ms","timestamp":"2026-01-19T07:05:54.605Z"}
{"level":"http","message":"PUT /api/v1/admin/courses/696dc65e3ea70215a7b18070/approval 200 1096 - 522.963 ms","timestamp":"2026-01-19T07:05:58.292Z"}
{"level":"http","message":"GET /api/v1/admin/courses/pending 200 2649 - 498.925 ms","timestamp":"2026-01-19T07:05:58.814Z"}
{"level":"http","message":"PUT /api/v1/admin/courses/696dc23c3ea70215a7b1801e/featured 200 1090 - 442.469 ms","timestamp":"2026-01-19T07:06:04.743Z"}
{"level":"http","message":"PUT /api/v1/admin/courses/696dc23c3ea70215a7b1801e/approval 200 1089 - 467.241 ms","timestamp":"2026-01-19T07:06:10.273Z"}
{"level":"http","message":"GET /api/v1/admin/courses/pending 200 1355 - 500.179 ms","timestamp":"2026-01-19T07:06:10.804Z"}
{"level":"http","message":"PUT /api/v1/admin/courses/696b4131126afbec149712ee/approval 200 1099 - 450.958 ms","timestamp":"2026-01-19T07:06:27.374Z"}
{"level":"http","message":"GET /api/v1/admin/courses/pending 200 116 - 287.649 ms","timestamp":"2026-01-19T07:06:27.682Z"}
{"level":"http","message":"GET /api/v1/admin/dashboard/stats 200 304 - 1111.963 ms","timestamp":"2026-01-19T07:06:38.129Z"}
{"level":"http","message":"GET /api/v1/admin/category 200 3171 - 205.248 ms","timestamp":"2026-01-19T07:06:50.627Z"}
{"level":"http","message":"GET /api/v1/admin/users 200 1808 - 501.101 ms","timestamp":"2026-01-19T07:06:50.929Z"}
{"level":"http","message":"GET /api/v1/admin/category 200 3171 - 241.071 ms","timestamp":"2026-01-19T07:19:19.120Z"}
{"level":"http","message":"GET /api/v1/student/reviews 200 608 - 242.293 ms","timestamp":"2026-01-19T07:19:19.141Z"}
{"level":"http","message":"GET /api/v1/instructor/getFeaturedCourses 200 6113 - 246.447 ms","timestamp":"2026-01-19T07:19:19.160Z"}
{"level":"http","message":"GET /api/v1/admin/users 200 1808 - 282.715 ms","timestamp":"2026-01-19T07:19:33.391Z"}
{"level":"http","message":"GET /api/v1/admin/users 401 92 - 213.949 ms","timestamp":"2026-01-19T07:23:04.907Z"}
{"level":"http","message":"POST /api/v1/auth/refresh 200 375 - 681.445 ms","timestamp":"2026-01-19T07:23:05.978Z"}
{"level":"http","message":"GET /api/v1/admin/users 200 1808 - 303.155 ms","timestamp":"2026-01-19T07:23:06.479Z"}
{"level":"http","message":"GET /api/v1/admin/category 200 3171 - 235.213 ms","timestamp":"2026-01-19T07:24:33.020Z"}
{"level":"http","message":"GET /api/v1/admin/users 200 1808 - 277.255 ms","timestamp":"2026-01-19T07:24:33.112Z"}
{"level":"http","message":"GET /api/v1/admin/category 200 3171 - 425.842 ms","timestamp":"2026-01-19T07:27:14.201Z"}
{"level":"http","message":"GET /api/v1/admin/users 200 1808 - 463.659 ms","timestamp":"2026-01-19T07:27:14.381Z"}
{"level":"http","message":"GET /api/v1/admin/users 200 1808 - 319.360 ms","timestamp":"2026-01-19T07:29:02.533Z"}
{"level":"http","message":"GET /api/v1/admin/category 200 3171 - 115.807 ms","timestamp":"2026-01-19T07:29:14.221Z"}
{"level":"http","message":"GET /api/v1/admin/users 200 1808 - 218.747 ms","timestamp":"2026-01-19T07:29:14.332Z"}
{"level":"http","message":"GET /api/v1/admin/users 200 1808 - 376.784 ms","timestamp":"2026-01-19T07:32:56.441Z"}
{"level":"http","message":"GET /api/v1/admin/users 200 1808 - 307.285 ms","timestamp":"2026-01-19T07:34:08.305Z"}
{"level":"http","message":"GET /api/v1/admin/users 200 1808 - 233.745 ms","timestamp":"2026-01-19T07:35:22.184Z"}
{"level":"http","message":"GET /api/v1/admin/users 200 1808 - 340.939 ms","timestamp":"2026-01-19T07:37:01.421Z"}
{"level":"http","message":"GET /api/v1/admin/users 401 92 - 77.588 ms","timestamp":"2026-01-19T07:40:17.154Z"}
{"level":"http","message":"POST /api/v1/auth/refresh 200 375 - 235.812 ms","timestamp":"2026-01-19T07:40:17.463Z"}
{"level":"http","message":"GET /api/v1/admin/users 200 1808 - 260.460 ms","timestamp":"2026-01-19T07:40:17.819Z"}
{"level":"http","message":"GET /api/v1/admin/category 200 3171 - 339.707 ms","timestamp":"2026-01-19T07:40:34.551Z"}
{"level":"http","message":"GET /api/v1/admin/users 200 1808 - 448.087 ms","timestamp":"2026-01-19T07:40:34.648Z"}
{"level":"http","message":"GET /api/v1/admin/category 200 3171 - 274.982 ms","timestamp":"2026-01-19T07:40:59.307Z"}
{"level":"http","message":"GET /api/v1/admin/users 200 1808 - 456.962 ms","timestamp":"2026-01-19T07:40:59.496Z"}
{"level":"http","message":"GET /api/v1/admin/category 200 3171 - 1083.096 ms","timestamp":"2026-01-19T07:46:32.632Z"}
{"level":"http","message":"GET /api/v1/admin/users 200 1808 - 1193.658 ms","timestamp":"2026-01-19T07:46:32.946Z"}
{"level":"http","message":"GET /api/v1/admin/category 200 3171 - 185.686 ms","timestamp":"2026-01-19T07:47:17.969Z"}
{"level":"http","message":"GET /api/v1/admin/users 200 1808 - 299.566 ms","timestamp":"2026-01-19T07:47:18.117Z"}
{"level":"http","message":"GET /api/v1/admin/category 200 3171 - 174.430 ms","timestamp":"2026-01-19T07:47:53.896Z"}
{"level":"http","message":"GET /api/v1/admin/users 200 1808 - 301.177 ms","timestamp":"2026-01-19T07:47:54.033Z"}
{"level":"http","message":"GET /api/v1/admin/users 200 1808 - 282.103 ms","timestamp":"2026-01-19T07:50:42.581Z"}
{"level":"http","message":"GET /api/v1/admin/category 200 3171 - 159.768 ms","timestamp":"2026-01-19T07:51:09.273Z"}
{"level":"http","message":"GET /api/v1/admin/users 200 1808 - 259.608 ms","timestamp":"2026-01-19T07:51:09.385Z"}
{"level":"http","message":"GET /api/v1/admin/courses/pending 200 116 - 338.413 ms","timestamp":"2026-01-19T07:51:26.197Z"}
{"level":"http","message":"GET /api/v1/admin/category 200 3171 - 205.173 ms","timestamp":"2026-01-19T07:51:33.681Z"}
{"level":"http","message":"GET /api/v1/admin/dashboard/analytics?startDate=2026-01-01&endDate=2026-01-19 200 626 - 1495.300 ms","timestamp":"2026-01-19T07:51:44.563Z"}
{"level":"http","message":"GET /api/v1/admin/dashboard/analytics 200 1438 - 1399.567 ms","timestamp":"2026-01-19T07:51:51.911Z"}
{"level":"http","message":"GET /api/v1/auth/canDeleteAccount 200 144 - 190.506 ms","timestamp":"2026-01-19T07:52:15.873Z"}
{"level":"http","message":"PUT /api/v1/auth/updateProfile 200 1306 - 410.865 ms","timestamp":"2026-01-19T07:52:33.514Z"}
{"level":"http","message":"GET /api/v1/auth/canDeleteAccount 200 144 - 238.910 ms","timestamp":"2026-01-19T07:52:47.513Z"}
{"level":"http","message":"GET /api/v1/student/reviews 200 608 - 235.708 ms","timestamp":"2026-01-19T07:53:13.930Z"}
{"level":"http","message":"GET /api/v1/instructor/getFeaturedCourses 200 6113 - 235.961 ms","timestamp":"2026-01-19T07:53:13.940Z"}
{"level":"http","message":"POST /api/v1/auth/sendotp 200 128 - 375.747 ms","timestamp":"2026-01-19T07:53:43.401Z"}
{"level":"http","message":"POST /api/v1/auth/sendotp 200 119 - 210.036 ms","timestamp":"2026-01-19T07:54:55.306Z"}
{"level":"http","message":"POST /api/v1/auth/sendotp 200 119 - 472.796 ms","timestamp":"2026-01-19T07:59:35.283Z"}
{"level":"http","message":"POST /api/v1/auth/sendotp 200 119 - 479.136 ms","timestamp":"2026-01-19T08:00:24.938Z"}
{"level":"http","message":"GET /api/v1/admin/category 200 3171 - 418.427 ms","timestamp":"2026-01-19T08:10:51.281Z"}
{"level":"http","message":"GET /api/v1/instructor/getFeaturedCourses 200 6113 - 421.752 ms","timestamp":"2026-01-19T08:10:51.299Z"}
{"level":"http","message":"GET /api/v1/student/reviews 200 608 - 441.184 ms","timestamp":"2026-01-19T08:10:51.315Z"}
{"level":"http","message":"POST /api/v1/auth/sendotp 200 119 - 520.494 ms","timestamp":"2026-01-19T08:11:18.890Z"}
{"level":"http","message":"GET /api/v1/admin/category 200 3171 - 493.852 ms","timestamp":"2026-01-19T08:22:21.878Z"}
{"level":"http","message":"GET /api/v1/student/reviews 200 608 - 463.386 ms","timestamp":"2026-01-19T08:22:21.930Z"}
{"level":"http","message":"GET /api/v1/instructor/getFeaturedCourses 200 6113 - 479.755 ms","timestamp":"2026-01-19T08:22:21.963Z"}
{"level":"http","message":"POST /api/v1/auth/login 200 780 - 1044.430 ms","timestamp":"2026-01-19T08:22:44.441Z"}
{"level":"http","message":"GET /api/v1/instructor/getFeaturedCourses 200 6113 - 169.829 ms","timestamp":"2026-01-19T08:22:50.222Z"}
{"level":"http","message":"GET /api/v1/student/reviews 200 608 - 227.019 ms","timestamp":"2026-01-19T08:22:50.265Z"}
{"level":"http","message":"POST /api/v1/auth/sendotp 400 672 - 134.741 ms","timestamp":"2026-01-19T08:23:11.781Z"}
{"level":"http","message":"POST /api/v1/auth/sendotp 200 119 - 553.430 ms","timestamp":"2026-01-19T08:23:30.638Z"}
{"level":"http","message":"POST /api/v1/auth/sendotp 200 119 - 472.567 ms","timestamp":"2026-01-19T08:35:15.261Z"}
{"level":"http","message":"POST /api/v1/auth/signup 201 249 - 703.642 ms","timestamp":"2026-01-19T08:35:47.409Z"}
{"level":"http","message":"POST /api/v1/auth/login 200 690 - 640.427 ms","timestamp":"2026-01-19T08:35:56.610Z"}
{"level":"http","message":"GET /api/v1/auth/canDeleteAccount 200 144 - 251.176 ms","timestamp":"2026-01-19T08:36:00.600Z"}
{"level":"http","message":"PUT /api/v1/auth/updateProfile 200 767 - 786.568 ms","timestamp":"2026-01-19T08:36:30.303Z"}
{"level":"http","message":"GET /api/v1/admin/category 200 3171 - 292.681 ms","timestamp":"2026-01-19T08:36:39.830Z"}
{"level":"http","message":"GET /api/v1/admin/category 200 3171 - 247.723 ms","timestamp":"2026-01-19T08:36:45.970Z"}
{"level":"http","message":"GET /api/v1/auth/canDeleteAccount 200 144 - 221.037 ms","timestamp":"2026-01-19T08:36:51.709Z"}
{"level":"http","message":"PUT /api/v1/auth/updateProfile 200 756 - 482.590 ms","timestamp":"2026-01-19T08:37:12.429Z"}
{"level":"http","message":"GET /api/v1/auth/canDeleteAccount 200 144 - 151.131 ms","timestamp":"2026-01-19T08:37:18.065Z"}
{"level":"http","message":"PUT /api/v1/auth/updateProfile 200 756 - 1627.543 ms","timestamp":"2026-01-19T08:37:24.681Z"}
{"level":"http","message":"GET /api/v1/auth/getEnrolledCourses 200 115 - 329.959 ms","timestamp":"2026-01-19T08:37:30.438Z"}
{"level":"http","message":"GET /api/v1/auth/canDeleteAccount 200 144 - 137.350 ms","timestamp":"2026-01-19T08:37:34.257Z"}
{"level":"http","message":"PUT /api/v1/auth/updateDisplayPicture 200 795 - 4803.909 ms","timestamp":"2026-01-19T08:37:53.552Z"}
{"level":"http","message":"GET /api/v1/auth/getEnrolledCourses 200 115 - 348.894 ms","timestamp":"2026-01-19T08:38:00.822Z"}
{"level":"http","message":"GET /api/v1/admin/category 200 3171 - 270.479 ms","timestamp":"2026-01-19T08:38:06.366Z"}
{"level":"http","message":"GET /api/v1/auth/getEnrolledCourses 200 115 - 359.893 ms","timestamp":"2026-01-19T08:38:06.461Z"}
{"level":"http","message":"GET /api/v1/auth/canDeleteAccount 200 144 - 230.233 ms","timestamp":"2026-01-19T08:38:19.559Z"}
{"level":"http","message":"GET /api/v1/admin/category 200 3171 - 246.867 ms","timestamp":"2026-01-19T08:38:25.207Z"}
{"level":"http","message":"GET /api/v1/auth/canDeleteAccount 200 144 - 251.175 ms","timestamp":"2026-01-19T08:38:25.216Z"}
{"level":"http","message":"GET /api/v1/admin/category 200 3171 - 368.253 ms","timestamp":"2026-01-19T08:40:55.652Z"}
{"level":"http","message":"GET /api/v1/auth/canDeleteAccount 200 144 - 330.852 ms","timestamp":"2026-01-19T08:40:55.659Z"}
{"level":"http","message":"PUT /api/v1/auth/updateDisplayPicture 200 795 - 5141.280 ms","timestamp":"2026-01-19T08:42:41.510Z"}
{"level":"http","message":"PUT /api/v1/auth/updateProfile 200 797 - 462.291 ms","timestamp":"2026-01-19T08:42:45.972Z"}
{"level":"http","message":"GET /api/v1/admin/category 200 3171 - 275.297 ms","timestamp":"2026-01-19T08:42:59.123Z"}
{"level":"http","message":"GET /api/v1/auth/getEnrolledCourses 200 115 - 368.569 ms","timestamp":"2026-01-19T08:43:05.268Z"}
{"level":"http","message":"GET /api/v1/auth/canDeleteAccount 200 144 - 475.046 ms","timestamp":"2026-01-19T08:43:15.820Z"}
{"level":"http","message":"GET /api/v1/auth/getEnrolledCourses 200 115 - 888.851 ms","timestamp":"2026-01-19T08:43:24.213Z"}
{"level":"http","message":"GET /api/v1/student/reviews 200 608 - 430.407 ms","timestamp":"2026-01-19T08:43:36.210Z"}
{"level":"http","message":"GET /api/v1/instructor/getFeaturedCourses 200 6113 - 425.496 ms","timestamp":"2026-01-19T08:43:36.220Z"}
{"level":"http","message":"GET /api/v1/admin/category 200 3171 - 169.314 ms","timestamp":"2026-01-19T08:43:46.624Z"}
{"level":"http","message":"GET /api/v1/admin/category/67edf71d6525d3b469f05d23 200 13342 - 622.189 ms","timestamp":"2026-01-19T08:43:47.299Z"}
{"level":"http","message":"GET /api/v1/admin/category 200 3171 - 223.429 ms","timestamp":"2026-01-19T08:44:04.868Z"}
{"level":"http","message":"GET /api/v1/admin/category/680c58a7810f2e3fc9460618 200 14573 - 840.316 ms","timestamp":"2026-01-19T08:44:05.894Z"}
{"level":"http","message":"GET /api/v1/admin/category 200 3171 - 230.534 ms","timestamp":"2026-01-19T08:44:25.447Z"}
{"level":"http","message":"GET /api/v1/admin/category/67edf62e6525d3b469f05d20 200 13363 - 839.123 ms","timestamp":"2026-01-19T08:44:26.372Z"}
{"level":"http","message":"GET /api/v1/admin/category 200 3171 - 148.934 ms","timestamp":"2026-01-19T08:44:47.159Z"}
{"level":"http","message":"GET /api/v1/admin/category/680c58a7810f2e3fc9460618 200 14573 - 587.746 ms","timestamp":"2026-01-19T08:44:47.805Z"}
{"level":"http","message":"GET /api/v1/admin/category 200 3171 - 255.303 ms","timestamp":"2026-01-19T08:45:06.938Z"}
{"level":"http","message":"GET /api/v1/admin/category 200 3171 - 178.713 ms","timestamp":"2026-01-19T08:45:07.123Z"}
{"level":"http","message":"GET /api/v1/admin/category/680c58a7810f2e3fc9460618 200 14573 - 894.438 ms","timestamp":"2026-01-19T08:45:08.047Z"}
{"level":"http","message":"GET /api/v1/admin/category 200 3171 - 206.384 ms","timestamp":"2026-01-19T08:45:21.256Z"}
{"level":"http","message":"GET /api/v1/admin/category/694ceaee9eefb8b3c3826305 200 11425 - 872.747 ms","timestamp":"2026-01-19T08:45:22.180Z"}
{"level":"http","message":"GET /api/v1/admin/category 200 3171 - 192.487 ms","timestamp":"2026-01-19T08:45:32.427Z"}
{"level":"http","message":"GET /api/v1/admin/category/680c58a7810f2e3fc9460618 200 14573 - 863.052 ms","timestamp":"2026-01-19T08:45:33.342Z"}
{"level":"http","message":"GET /api/v1/admin/category 200 3171 - 400.103 ms","timestamp":"2026-01-19T08:52:24.953Z"}
{"level":"http","message":"GET /api/v1/admin/category 200 3171 - 243.581 ms","timestamp":"2026-01-19T08:52:25.210Z"}
{"level":"http","message":"GET /api/v1/admin/category/680c58a7810f2e3fc9460618 200 14573 - 853.098 ms","timestamp":"2026-01-19T08:52:26.134Z"}
{"level":"http","message":"GET /api/v1/admin/category 200 3171 - 233.343 ms","timestamp":"2026-01-19T08:52:36.574Z"}
{"level":"http","message":"GET /api/v1/admin/category/67edf71d6525d3b469f05d23 200 13342 - 959.555 ms","timestamp":"2026-01-19T08:52:37.598Z"}
{"level":"http","message":"GET /api/v1/admin/category 200 3171 - 271.187 ms","timestamp":"2026-01-19T08:52:44.967Z"}
{"level":"http","message":"GET /api/v1/admin/category/680c58a7810f2e3fc9460618 200 14573 - 985.188 ms","timestamp":"2026-01-19T08:52:46.002Z"}
{"level":"http","message":"GET /api/v1/instructor/course/696dc23c3ea70215a7b1801e 200 5046 - 329.715 ms","timestamp":"2026-01-19T08:53:01.063Z"}
{"level":"http","message":"GET /api/v1/admin/category 200 3171 - 277.652 ms","timestamp":"2026-01-19T08:53:10.365Z"}
{"level":"http","message":"GET /api/v1/admin/category/680c58a7810f2e3fc9460618 200 14573 - 906.813 ms","timestamp":"2026-01-19T08:53:11.295Z"}
{"level":"http","message":"GET /api/v1/admin/category 200 3171 - 263.400 ms","timestamp":"2026-01-19T08:53:15.105Z"}
{"level":"http","message":"GET /api/v1/admin/category/67edf62e6525d3b469f05d20 200 13363 - 984.019 ms","timestamp":"2026-01-19T08:53:16.212Z"}
{"level":"http","message":"GET /api/v1/admin/category 200 3171 - 210.221 ms","timestamp":"2026-01-19T08:53:20.101Z"}
{"level":"http","message":"GET /api/v1/admin/category/67edf71d6525d3b469f05d23 200 13342 - 826.449 ms","timestamp":"2026-01-19T08:53:21.014Z"}
{"level":"http","message":"GET /api/v1/admin/category 200 3171 - 225.468 ms","timestamp":"2026-01-19T08:53:28.384Z"}
{"level":"http","message":"GET /api/v1/admin/category/67edf72f6525d3b469f05d26 200 11268 - 850.053 ms","timestamp":"2026-01-19T08:53:29.320Z"}
{"level":"http","message":"GET /api/v1/admin/category 200 3171 - 238.375 ms","timestamp":"2026-01-19T08:53:36.479Z"}
{"level":"http","message":"GET /api/v1/admin/category/680c58a7810f2e3fc9460618 200 14573 - 857.175 ms","timestamp":"2026-01-19T08:53:37.399Z"}
{"level":"http","message":"GET /api/v1/admin/category 200 3171 - 341.405 ms","timestamp":"2026-01-19T09:13:41.793Z"}
{"level":"http","message":"GET /api/v1/admin/category/694ceaee9eefb8b3c3826305 200 11425 - 960.139 ms","timestamp":"2026-01-19T09:13:42.803Z"}
{"level":"http","message":"GET /api/v1/admin/category 200 3171 - 129.488 ms","timestamp":"2026-01-19T09:13:44.859Z"}
{"level":"http","message":"GET /api/v1/admin/category/680c58a7810f2e3fc9460618 200 14573 - 573.945 ms","timestamp":"2026-01-19T09:13:45.480Z"}
{"level":"http","message":"GET /api/v1/instructor/course/696b4131126afbec149712ee 200 5044 - 673.077 ms","timestamp":"2026-01-19T09:22:53.868Z"}
{"level":"http","message":"GET /api/v1/admin/category 200 3171 - 168.231 ms","timestamp":"2026-01-19T09:23:20.149Z"}
{"level":"http","message":"GET /api/v1/admin/category 200 3171 - 141.197 ms","timestamp":"2026-01-19T09:23:20.302Z"}
{"level":"http","message":"GET /api/v1/admin/category/680c58a7810f2e3fc9460618 200 14573 - 580.310 ms","timestamp":"2026-01-19T09:23:20.920Z"}
{"level":"http","message":"GET /api/v1/admin/category 200 3171 - 246.789 ms","timestamp":"2026-01-19T09:24:17.889Z"}
{"level":"http","message":"GET /api/v1/admin/category 200 3171 - 325.471 ms","timestamp":"2026-01-19T09:24:18.226Z"}
{"level":"http","message":"GET /api/v1/admin/category/680c58a7810f2e3fc9460618 200 14573 - 954.821 ms","timestamp":"2026-01-19T09:24:19.223Z"}
{"level":"http","message":"GET /api/v1/instructor/course/696dc23c3ea70215a7b1801e 200 5046 - 341.798 ms","timestamp":"2026-01-19T09:24:46.890Z"}
{"level":"http","message":"GET /api/v1/admin/category 200 3171 - 220.508 ms","timestamp":"2026-01-19T09:24:50.455Z"}
{"level":"http","message":"GET /api/v1/admin/category/680c58a7810f2e3fc9460618 200 14573 - 891.610 ms","timestamp":"2026-01-19T09:24:51.380Z"}
{"level":"http","message":"GET /api/v1/instructor/course/696dc23c3ea70215a7b1801e 200 5046 - 322.194 ms","timestamp":"2026-01-19T09:25:04.901Z"}
{"level":"http","message":"POST /api/v1/student/capturePayment 401 92 - 74.442 ms","timestamp":"2026-01-19T09:25:08.404Z"}
{"level":"http","message":"POST /api/v1/auth/refresh 200 375 - 340.075 ms","timestamp":"2026-01-19T09:25:08.767Z"}
{"level":"http","message":"POST /api/v1/student/capturePayment 200 197 - 1493.144 ms","timestamp":"2026-01-19T09:25:10.301Z"}
{"level":"http","message":"POST /api/v1/student/sendPaymentSuccessEmail 200 94 - 4534.794 ms","timestamp":"2026-01-19T09:25:40.525Z"}
{"level":"http","message":"POST /api/v1/student/verifyPayment 200 110 - 4818.863 ms","timestamp":"2026-01-19T09:25:40.842Z"}
{"level":"http","message":"GET /api/v1/auth/getEnrolledCourses 200 4669 - 760.049 ms","timestamp":"2026-01-19T09:25:41.856Z"}
{"level":"http","message":"POST /api/v1/instructor/getFullCourseDetails 200 5090 - 501.703 ms","timestamp":"2026-01-19T09:25:45.862Z"}
{"level":"http","message":"POST /api/v1/student/createRating 400 1049 - 262.161 ms","timestamp":"2026-01-19T09:26:41.531Z"}
{"level":"http","message":"POST /api/v1/student/createRating 201 273 - 661.370 ms","timestamp":"2026-01-19T09:26:56.303Z"}
{"level":"http","message":"GET /api/v1/auth/getEnrolledCourses 200 4695 - 1227.056 ms","timestamp":"2026-01-19T09:27:37.219Z"}
{"level":"http","message":"GET /api/v1/admin/category 200 3171 - 170.295 ms","timestamp":"2026-01-19T09:28:24.891Z"}
{"level":"http","message":"GET /api/v1/admin/category/67edf71d6525d3b469f05d23 200 13394 - 590.874 ms","timestamp":"2026-01-19T09:28:25.536Z"}
{"level":"http","message":"GET /api/v1/instructor/course/696dc65e3ea70215a7b18070 200 5967 - 1042.233 ms","timestamp":"2026-01-19T09:28:29.081Z"}
{"level":"http","message":"POST /api/v1/student/capturePayment 200 196 - 923.738 ms","timestamp":"2026-01-19T09:28:32.164Z"}
{"level":"http","message":"POST /api/v1/student/sendPaymentSuccessEmail 200 94 - 4136.502 ms","timestamp":"2026-01-19T09:28:59.901Z"}
{"level":"http","message":"POST /api/v1/student/verifyPayment 200 110 - 4318.223 ms","timestamp":"2026-01-19T09:29:00.105Z"}
{"level":"http","message":"GET /api/v1/auth/getEnrolledCourses 200 10229 - 801.635 ms","timestamp":"2026-01-19T09:29:01.130Z"}
{"level":"http","message":"POST /api/v1/instructor/getFullCourseDetails 200 6011 - 446.361 ms","timestamp":"2026-01-19T09:29:04.826Z"}
{"level":"http","message":"POST /api/v1/student/createRating 201 280 - 714.051 ms","timestamp":"2026-01-19T09:29:27.344Z"}
{"level":"http","message":"GET /api/v1/student/reviews 200 1382 - 271.428 ms","timestamp":"2026-01-19T09:29:33.188Z"}
{"level":"http","message":"GET /api/v1/instructor/getFeaturedCourses 200 6490 - 272.673 ms","timestamp":"2026-01-19T09:29:33.200Z"}
{"level":"http","message":"GET /api/v1/instructor/getFeaturedCourses 200 6490 - 242.338 ms","timestamp":"2026-01-19T09:29:40.058Z"}
{"level":"http","message":"GET /api/v1/student/reviews 200 1382 - 254.975 ms","timestamp":"2026-01-19T09:29:40.065Z"}
{"level":"http","message":"GET /api/v1/admin/category 200 3171 - 271.087 ms","timestamp":"2026-01-19T09:29:40.072Z"}
{"level":"http","message":"GET /api/v1/admin/category 200 3171 - 206.128 ms","timestamp":"2026-01-19T09:29:50.489Z"}
{"level":"http","message":"GET /api/v1/admin/category/680c58a7810f2e3fc9460618 200 14862 - 901.755 ms","timestamp":"2026-01-19T09:29:51.423Z"}
{"level":"http","message":"GET /api/v1/instructor/course/696dc23c3ea70215a7b1801e 200 5231 - 271.262 ms","timestamp":"2026-01-19T09:29:59.161Z"}
{"level":"http","message":"GET /api/v1/admin/category 200 3171 - 200.092 ms","timestamp":"2026-01-19T09:30:01.345Z"}
{"level":"http","message":"GET /api/v1/admin/category/680c58a7810f2e3fc9460618 200 14862 - 903.232 ms","timestamp":"2026-01-19T09:30:02.268Z"}
{"level":"http","message":"GET /api/v1/auth/getEnrolledCourses 200 10255 - 888.210 ms","timestamp":"2026-01-19T09:30:32.882Z"}
{"level":"http","message":"GET /api/v1/instructor/getFeaturedCourses 200 6490 - 235.544 ms","timestamp":"2026-01-19T09:30:43.947Z"}
{"level":"http","message":"GET /api/v1/student/reviews 200 1382 - 290.489 ms","timestamp":"2026-01-19T09:30:43.952Z"}
{"level":"http","message":"POST /api/v1/auth/login 200 780 - 538.973 ms","timestamp":"2026-01-19T09:30:59.234Z"}
{"level":"http","message":"GET /api/v1/admin/dashboard/stats 200 304 - 1052.500 ms","timestamp":"2026-01-19T09:31:09.238Z"}
{"level":"http","message":"GET /api/v1/admin/dashboard/analytics?startDate=2026-01-01&endDate=2026-01-19 200 626 - 1788.148 ms","timestamp":"2026-01-19T09:31:24.761Z"}
{"level":"http","message":"GET /api/v1/admin/dashboard/analytics 200 1470 - 1292.714 ms","timestamp":"2026-01-19T09:31:38.730Z"}
{"level":"http","message":"GET /api/v1/student/reviews 200 1382 - 259.796 ms","timestamp":"2026-01-19T09:31:56.249Z"}
{"level":"http","message":"GET /api/v1/instructor/getFeaturedCourses 200 6490 - 246.366 ms","timestamp":"2026-01-19T09:31:56.268Z"}
{"level":"http","message":"POST /api/v1/auth/login 200 752 - 667.681 ms","timestamp":"2026-01-19T09:32:11.405Z"}
{"level":"http","message":"GET /api/v1/instructor/getInstructorCourses 200 2937 - 489.901 ms","timestamp":"2026-01-19T09:32:18.566Z"}
{"level":"http","message":"GET /api/v1/auth/instructorDashboard 200 753 - 272.517 ms","timestamp":"2026-01-19T09:32:25.735Z"}
{"level":"http","message":"GET /api/v1/instructor/getInstructorCourses 200 2937 - 528.013 ms","timestamp":"2026-01-19T09:32:26.351Z"}
{"level":"http","message":"GET /api/v1/instructor/getInstructorCourses 200 2937 - 500.527 ms","timestamp":"2026-01-19T09:32:36.498Z"}
{"level":"http","message":"GET /api/v1/admin/category 200 3171 - 266.763 ms","timestamp":"2026-01-22T06:38:22.770Z"}
{"level":"http","message":"GET /api/v1/instructor/getFeaturedCourses 200 6490 - 246.456 ms","timestamp":"2026-01-22T06:38:22.802Z"}
{"level":"http","message":"GET /api/v1/student/reviews 200 1382 - 293.987 ms","timestamp":"2026-01-22T06:38:22.832Z"}
{"level":"http","message":"GET /api/v1/admin/category 200 3171 - 267.856 ms","timestamp":"2026-01-22T06:40:40.474Z"}
{"level":"http","message":"GET /api/v1/admin/category/694ceaee9eefb8b3c3826305 200 11529 - 659.734 ms","timestamp":"2026-01-22T06:40:41.175Z"}
{"level":"http","message":"GET /api/v1/student/reviews 200 1382 - 186.864 ms","timestamp":"2026-01-22T06:40:52.544Z"}
{"level":"http","message":"GET /api/v1/instructor/getFeaturedCourses 200 6490 - 197.609 ms","timestamp":"2026-01-22T06:40:52.572Z"}
{"level":"http","message":"GET /api/v1/auth/instructorDashboard 401 92 - 174.450 ms","timestamp":"2026-01-22T06:43:18.839Z"}
{"level":"http","message":"POST /api/v1/auth/refresh 200 378 - 217.420 ms","timestamp":"2026-01-22T06:43:19.259Z"}
{"level":"http","message":"GET /api/v1/auth/instructorDashboard 200 753 - 154.563 ms","timestamp":"2026-01-22T06:43:19.432Z"}
{"level":"http","message":"GET /api/v1/instructor/getInstructorCourses 200 2937 - 277.795 ms","timestamp":"2026-01-22T06:43:19.726Z"}
{"level":"http","message":"GET /api/v1/instructor/course/696dc65e3ea70215a7b18070 200 6159 - 233.019 ms","timestamp":"2026-01-22T06:43:25.221Z"}
{"level":"http","message":"GET /api/v1/auth/instructorDashboard 200 753 - 143.072 ms","timestamp":"2026-01-22T06:43:28.742Z"}
{"level":"http","message":"GET /api/v1/instructor/getInstructorCourses 200 2937 - 289.647 ms","timestamp":"2026-01-22T06:43:29.047Z"}
{"level":"http","message":"GET /api/v1/instructor/getInstructorCourses 200 2937 - 302.348 ms","timestamp":"2026-01-22T06:43:33.865Z"}
{"level":"http","message":"GET /api/v1/auth/canDeleteAccount 200 186 - 230.887 ms","timestamp":"2026-01-22T06:43:37.768Z"}
{"level":"http","message":"GET /api/v1/student/reviews 200 1382 - 171.176 ms","timestamp":"2026-01-22T06:43:42.690Z"}
{"level":"http","message":"GET /api/v1/instructor/getFeaturedCourses 200 6490 - 169.549 ms","timestamp":"2026-01-22T06:43:42.700Z"}
{"level":"http","message":"POST /api/v1/auth/login 401 694 - 91.034 ms","timestamp":"2026-01-22T06:43:51.151Z"}
{"level":"http","message":"POST /api/v1/auth/login 401 694 - 85.630 ms","timestamp":"2026-01-22T06:44:15.924Z"}
{"level":"http","message":"GET /api/v1/student/reviews 200 1382 - 170.232 ms","timestamp":"2026-01-22T06:44:23.341Z"}
{"level":"http","message":"GET /api/v1/admin/category 200 3171 - 180.262 ms","timestamp":"2026-01-22T06:44:23.361Z"}
{"level":"http","message":"GET /api/v1/instructor/getFeaturedCourses 200 6490 - 197.495 ms","timestamp":"2026-01-22T06:44:23.387Z"}
{"level":"http","message":"POST /api/v1/auth/login 401 694 - 69.598 ms","timestamp":"2026-01-22T06:44:31.143Z"}
{"level":"http","message":"POST /api/v1/auth/login 200 752 - 394.685 ms","timestamp":"2026-01-22T06:44:48.096Z"}
{"level":"http","message":"GET /api/v1/auth/instructorDashboard 200 753 - 154.951 ms","timestamp":"2026-01-22T06:44:52.395Z"}
{"level":"http","message":"GET /api/v1/instructor/getInstructorCourses 200 2937 - 280.608 ms","timestamp":"2026-01-22T06:44:52.689Z"}
{"level":"http","message":"GET /api/v1/instructor/getInstructorCourses 200 2937 - 287.674 ms","timestamp":"2026-01-22T06:44:57.513Z"}
{"level":"http","message":"GET /api/v1/admin/category 200 3171 - 140.707 ms","timestamp":"2026-01-22T06:44:59.995Z"}
{"level":"http","message":"POST /api/v1/instructor/createCourse 201 1169 - 4140.502 ms","timestamp":"2026-01-22T06:48:54.330Z"}
{"level":"http","message":"POST /api/v1/instructor/createSection 201 1364 - 467.475 ms","timestamp":"2026-01-22T06:49:01.737Z"}
{"level":"http","message":"POST /api/v1/instructor/createSubSection 201 1748 - 21233.635 ms","timestamp":"2026-01-22T06:50:45.095Z"}
{"level":"http","message":"PUT /api/v1/instructor/course/6971c856c403e55d1bada69f 200 1285 - 381.184 ms","timestamp":"2026-01-22T06:50:51.198Z"}
{"level":"http","message":"GET /api/v1/auth/instructorDashboard 200 1107 - 145.931 ms","timestamp":"2026-01-22T06:50:55.549Z"}
{"level":"http","message":"GET /api/v1/instructor/getInstructorCourses 200 4217 - 301.600 ms","timestamp":"2026-01-22T06:50:55.869Z"}
{"level":"http","message":"GET /api/v1/admin/category 200 3406 - 155.779 ms","timestamp":"2026-01-22T06:51:10.520Z"}
{"level":"http","message":"GET /api/v1/instructor/getInstructorCourses 200 4217 - 296.494 ms","timestamp":"2026-01-22T06:51:12.959Z"}
{"level":"http","message":"GET /api/v1/instructor/getFeaturedCourses 200 6544 - 149.573 ms","timestamp":"2026-01-22T06:51:28.417Z"}
{"level":"http","message":"GET /api/v1/student/reviews 200 1382 - 157.508 ms","timestamp":"2026-01-22T06:51:28.433Z"}
{"level":"http","message":"POST /api/v1/auth/login 200 780 - 384.093 ms","timestamp":"2026-01-22T06:51:35.221Z"}
{"level":"http","message":"GET /api/v1/admin/courses/pending 200 1476 - 301.840 ms","timestamp":"2026-01-22T06:51:38.602Z"}
{"level":"http","message":"PUT /api/v1/admin/courses/6971c856c403e55d1bada69f/featured 200 1241 - 291.221 ms","timestamp":"2026-01-22T06:51:45.621Z"}
{"level":"http","message":"PUT /api/v1/admin/courses/6971c856c403e55d1bada69f/approval 200 1240 - 304.341 ms","timestamp":"2026-01-22T06:51:48.055Z"}
{"level":"http","message":"GET /api/v1/admin/courses/pending 200 116 - 230.955 ms","timestamp":"2026-01-22T06:51:48.297Z"}
{"level":"http","message":"GET /api/v1/admin/dashboard/stats 200 304 - 763.622 ms","timestamp":"2026-01-22T06:51:52.459Z"}
{"level":"http","message":"GET /api/v1/admin/users 200 2562 - 281.001 ms","timestamp":"2026-01-22T06:51:55.521Z"}
{"level":"http","message":"GET /api/v1/admin/courses/pending 200 116 - 233.345 ms","timestamp":"2026-01-22T06:52:00.707Z"}
{"level":"http","message":"GET /api/v1/admin/category 200 3407 - 152.576 ms","timestamp":"2026-01-22T06:52:02.853Z"}
{"level":"http","message":"GET /api/v1/admin/dashboard/analytics?startDate=2026-01-01&endDate=2026-01-22 200 1094 - 992.545 ms","timestamp":"2026-01-22T06:52:05.362Z"}
{"level":"http","message":"GET /api/v1/admin/dashboard/analytics 200 1470 - 860.136 ms","timestamp":"2026-01-22T06:52:10.670Z"}
{"level":"http","message":"GET /api/v1/auth/canDeleteAccount 200 144 - 160.565 ms","timestamp":"2026-01-22T06:52:19.433Z"}
{"level":"http","message":"GET /api/v1/admin/category 200 3407 - 148.221 ms","timestamp":"2026-01-22T06:52:26.185Z"}
{"level":"http","message":"GET /api/v1/admin/category/67edf72f6525d3b469f05d26 200 12660 - 590.370 ms","timestamp":"2026-01-22T06:52:26.793Z"}
{"level":"http","message":"GET /api/v1/instructor/course/6971c856c403e55d1bada69f 200 5212 - 674.620 ms","timestamp":"2026-01-22T06:54:26.832Z"}
{"level":"http","message":"GET /api/v1/admin/category 200 3407 - 157.077 ms","timestamp":"2026-01-22T06:54:37.535Z"}
{"level":"http","message":"GET /api/v1/admin/category/67edf72f6525d3b469f05d26 200 12660 - 648.801 ms","timestamp":"2026-01-22T06:54:38.211Z"}
{"level":"http","message":"GET /api/v1/admin/category 200 3407 - 761.995 ms","timestamp":"2026-01-22T06:56:45.314Z"}
{"level":"http","message":"GET /api/v1/admin/category/67edf72f6525d3b469f05d26 200 12660 - 1256.978 ms","timestamp":"2026-01-22T06:56:45.977Z"}
{"level":"http","message":"GET /api/v1/admin/category 200 3407 - 181.773 ms","timestamp":"2026-01-22T06:57:14.194Z"}
{"level":"http","message":"GET /api/v1/admin/category 200 3407 - 211.698 ms","timestamp":"2026-01-22T06:57:14.423Z"}
{"level":"http","message":"GET /api/v1/admin/category/67edf72f6525d3b469f05d26 200 12660 - 814.902 ms","timestamp":"2026-01-22T06:57:15.400Z"}
{"level":"http","message":"GET /api/v1/student/reviews 200 1382 - 336.335 ms","timestamp":"2026-01-22T07:00:44.881Z"}
{"level":"http","message":"GET /api/v1/instructor/getFeaturedCourses 200 7282 - 314.891 ms","timestamp":"2026-01-22T07:00:44.912Z"}
{"level":"http","message":"GET /api/v1/admin/category 200 3407 - 243.501 ms","timestamp":"2026-01-22T07:01:50.515Z"}
{"level":"http","message":"GET /api/v1/admin/category/67edf62e6525d3b469f05d20 200 13519 - 629.004 ms","timestamp":"2026-01-22T07:01:51.173Z"}
{"level":"http","message":"GET /api/v1/admin/category 200 3407 - 148.791 ms","timestamp":"2026-01-22T07:01:52.491Z"}
{"level":"http","message":"GET /api/v1/admin/category/67edf72f6525d3b469f05d26 200 12660 - 642.089 ms","timestamp":"2026-01-22T07:01:53.175Z"}
{"level":"http","message":"GET /api/v1/instructor/course/6852ca1f8e49dececcc9747b 200 1127 - 197.492 ms","timestamp":"2026-01-22T07:02:30.378Z"}
{"level":"http","message":"GET /api/v1/admin/category 200 3407 - 145.298 ms","timestamp":"2026-01-22T07:02:39.550Z"}
{"level":"http","message":"GET /api/v1/admin/category 200 3407 - 146.250 ms","timestamp":"2026-01-22T07:02:39.700Z"}
{"level":"http","message":"GET /api/v1/admin/category/67edf72f6525d3b469f05d26 200 12660 - 664.950 ms","timestamp":"2026-01-22T07:02:40.390Z"}
{"level":"http","message":"GET /api/v1/admin/category 200 3407 - 238.612 ms","timestamp":"2026-01-22T07:07:54.316Z"}
{"level":"http","message":"GET /api/v1/admin/category 200 3407 - 149.934 ms","timestamp":"2026-01-22T07:07:54.474Z"}
{"level":"http","message":"GET /api/v1/admin/category/67edf72f6525d3b469f05d26 200 12660 - 616.598 ms","timestamp":"2026-01-22T07:07:55.115Z"}
{"level":"http","message":"GET /api/v1/instructor/course/6971c856c403e55d1bada69f 200 5212 - 260.621 ms","timestamp":"2026-01-22T07:08:25.295Z"}
{"level":"http","message":"GET /api/v1/instructor/getFeaturedCourses 200 7282 - 166.136 ms","timestamp":"2026-01-22T07:08:31.501Z"}
{"level":"http","message":"GET /api/v1/student/reviews 200 1382 - 185.090 ms","timestamp":"2026-01-22T07:08:31.510Z"}
{"level":"http","message":"POST /api/v1/auth/login 200 752 - 506.298 ms","timestamp":"2026-01-22T07:08:41.966Z"}
{"level":"http","message":"GET /api/v1/instructor/getInstructorCourses 200 4257 - 477.186 ms","timestamp":"2026-01-22T07:08:45.028Z"}
{"level":"http","message":"POST /api/v1/instructor/getFullCourseDetails 200 5230 - 385.609 ms","timestamp":"2026-01-22T07:08:47.408Z"}
{"level":"http","message":"GET /api/v1/instructor/getInstructorCourses 200 4257 - 297.189 ms","timestamp":"2026-01-22T07:08:59.378Z"}
{"level":"http","message":"GET /api/v1/auth/instructorDashboard 200 1107 - 148.117 ms","timestamp":"2026-01-22T07:09:05.735Z"}
{"level":"http","message":"GET /api/v1/instructor/getInstructorCourses 200 4257 - 307.509 ms","timestamp":"2026-01-22T07:09:06.058Z"}
{"level":"http","message":"GET /api/v1/student/reviews 200 1382 - 149.399 ms","timestamp":"2026-01-22T07:09:15.453Z"}
{"level":"http","message":"GET /api/v1/instructor/getFeaturedCourses 200 7282 - 163.310 ms","timestamp":"2026-01-22T07:09:15.488Z"}
{"level":"http","message":"POST /api/v1/auth/login 200 748 - 380.329 ms","timestamp":"2026-01-22T07:09:24.250Z"}
{"level":"http","message":"GET /api/v1/auth/getEnrolledCourses 200 10255 - 595.899 ms","timestamp":"2026-01-22T07:09:27.824Z"}
{"level":"http","message":"GET /api/v1/admin/category 200 3407 - 155.419 ms","timestamp":"2026-01-22T07:09:39.241Z"}
{"level":"http","message":"GET /api/v1/admin/category/67edf72f6525d3b469f05d26 200 12660 - 563.646 ms","timestamp":"2026-01-22T07:09:39.824Z"}
{"level":"http","message":"GET /api/v1/instructor/course/680b84b0e9c6e37b06ab32c4 200 1022 - 162.921 ms","timestamp":"2026-01-22T07:09:42.777Z"}
{"level":"http","message":"GET /api/v1/admin/category 200 3407 - 387.282 ms","timestamp":"2026-01-22T07:15:02.533Z"}
{"level":"http","message":"GET /api/v1/auth/getEnrolledCourses 200 10255 - 783.435 ms","timestamp":"2026-01-22T07:15:03.015Z"}
{"level":"http","message":"GET /api/v1/admin/category 200 3407 - 161.008 ms","timestamp":"2026-01-22T07:15:07.139Z"}
{"level":"http","message":"GET /api/v1/admin/category/680c58a7810f2e3fc9460618 200 14862 - 619.915 ms","timestamp":"2026-01-22T07:15:07.799Z"}
{"level":"http","message":"GET /api/v1/admin/category 200 3407 - 155.684 ms","timestamp":"2026-01-22T07:16:23.230Z"}
{"level":"http","message":"GET /api/v1/admin/category/67edf62e6525d3b469f05d20 200 13519 - 627.283 ms","timestamp":"2026-01-22T07:16:23.961Z"}
{"level":"http","message":"GET /api/v1/instructor/course/680ef5db0ddcdd54d071b398 200 1775 - 233.681 ms","timestamp":"2026-01-22T07:16:26.537Z"}
{"level":"http","message":"GET /api/v1/admin/category 200 3017 - 168.843 ms","timestamp":"2026-01-22T07:16:46.030Z"}
{"level":"http","message":"GET /api/v1/admin/category 200 3017 - 138.345 ms","timestamp":"2026-01-22T07:16:46.174Z"}
{"level":"http","message":"GET /api/v1/admin/category/680c58a7810f2e3fc9460618 200 16630 - 602.066 ms","timestamp":"2026-01-22T07:16:46.806Z"}
{"level":"http","message":"GET /api/v1/admin/category 200 3017 - 135.832 ms","timestamp":"2026-01-22T07:16:55.476Z"}
{"level":"http","message":"GET /api/v1/admin/category/67edf72f6525d3b469f05d26 200 14428 - 610.518 ms","timestamp":"2026-01-22T07:16:56.133Z"}
{"level":"http","message":"GET /api/v1/admin/category 200 2077 - 165.080 ms","timestamp":"2026-01-22T07:18:08.664Z"}
{"level":"http","message":"GET /api/v1/admin/category 200 2077 - 283.238 ms","timestamp":"2026-01-22T07:18:08.961Z"}
{"level":"http","message":"GET /api/v1/admin/category/67edf72f6525d3b469f05d26 200 8994 - 865.929 ms","timestamp":"2026-01-22T07:18:09.872Z"}
{"level":"http","message":"GET /api/v1/instructor/course/6952322e1c6e265cb79fef00 200 1644 - 232.764 ms","timestamp":"2026-01-22T07:18:17.822Z"}
{"level":"http","message":"GET /api/v1/admin/category 200 1843 - 194.694 ms","timestamp":"2026-01-22T07:18:31.118Z"}
{"level":"http","message":"GET /api/v1/admin/category 200 1843 - 147.742 ms","timestamp":"2026-01-22T07:18:31.275Z"}
{"level":"http","message":"GET /api/v1/admin/category/67edf72f6525d3b469f05d26 200 8073 - 568.156 ms","timestamp":"2026-01-22T07:18:31.890Z"}
{"level":"http","message":"GET /api/v1/instructor/course/6971c856c403e55d1bada69f 200 5212 - 237.892 ms","timestamp":"2026-01-22T07:18:33.446Z"}
{"level":"http","message":"GET /api/v1/admin/category 200 1843 - 163.881 ms","timestamp":"2026-01-22T07:18:34.731Z"}
{"level":"http","message":"GET /api/v1/admin/category/67edf72f6525d3b469f05d26 200 8073 - 563.852 ms","timestamp":"2026-01-22T07:18:35.322Z"}
{"level":"http","message":"GET /api/v1/admin/category 200 1843 - 143.178 ms","timestamp":"2026-01-22T07:18:36.635Z"}
{"level":"http","message":"GET /api/v1/admin/category/680c58a7810f2e3fc9460618 200 9893 - 555.434 ms","timestamp":"2026-01-22T07:18:37.231Z"}
{"level":"http","message":"GET /api/v1/instructor/course/696b4131126afbec149712ee 200 5044 - 226.202 ms","timestamp":"2026-01-22T07:18:40.680Z"}
{"level":"http","message":"GET /api/v1/admin/category 200 1843 - 158.225 ms","timestamp":"2026-01-22T07:18:51.737Z"}
{"level":"http","message":"GET /api/v1/admin/category 200 1843 - 152.251 ms","timestamp":"2026-01-22T07:18:54.619Z"}
{"level":"http","message":"GET /api/v1/admin/category/680c58a7810f2e3fc9460618 200 9893 - 561.704 ms","timestamp":"2026-01-22T07:18:55.214Z"}
{"level":"http","message":"GET /api/v1/instructor/course/696b2174f6559eb393404be7 200 5581 - 270.475 ms","timestamp":"2026-01-22T07:19:00.401Z"}
{"level":"http","message":"GET /api/v1/admin/category 200 1843 - 155.801 ms","timestamp":"2026-01-22T07:19:09.158Z"}
{"level":"http","message":"GET /api/v1/admin/category 200 1843 - 155.155 ms","timestamp":"2026-01-22T07:19:09.321Z"}
{"level":"http","message":"GET /api/v1/admin/category/680c58a7810f2e3fc9460618 200 9893 - 599.485 ms","timestamp":"2026-01-22T07:19:09.982Z"}
{"level":"http","message":"GET /api/v1/instructor/course/696dc23c3ea70215a7b1801e 200 5231 - 232.910 ms","timestamp":"2026-01-22T07:19:12.474Z"}
{"level":"http","message":"GET /api/v1/admin/category 200 1843 - 140.777 ms","timestamp":"2026-01-22T07:19:38.528Z"}
{"level":"http","message":"GET /api/v1/admin/category/680c58a7810f2e3fc9460618 200 9893 - 719.639 ms","timestamp":"2026-01-22T07:19:39.271Z"}
{"level":"http","message":"GET /api/v1/admin/category 200 1375 - 156.624 ms","timestamp":"2026-01-22T07:19:56.256Z"}
{"level":"http","message":"GET /api/v1/admin/category 200 1375 - 148.898 ms","timestamp":"2026-01-22T07:19:56.411Z"}
{"level":"http","message":"GET /api/v1/admin/category/680c58a7810f2e3fc9460618 200 6281 - 589.216 ms","timestamp":"2026-01-22T07:19:57.027Z"}
{"level":"http","message":"GET /api/v1/admin/category 200 1375 - 143.757 ms","timestamp":"2026-01-22T07:20:19.196Z"}
{"level":"http","message":"GET /api/v1/admin/category/694ceaee9eefb8b3c3826305 200 4945 - 520.698 ms","timestamp":"2026-01-22T07:20:19.758Z"}
{"level":"http","message":"GET /api/v1/student/reviews 200 1221 - 181.910 ms","timestamp":"2026-01-22T07:20:32.571Z"}
{"level":"http","message":"GET /api/v1/instructor/getFeaturedCourses 200 5565 - 168.098 ms","timestamp":"2026-01-22T07:20:32.594Z"}
{"level":"http","message":"POST /api/v1/auth/login 200 780 - 620.971 ms","timestamp":"2026-01-22T07:20:39.237Z"}
{"level":"http","message":"GET /api/v1/admin/category 200 1375 - 146.539 ms","timestamp":"2026-01-22T07:20:40.837Z"}
{"level":"http","message":"DELETE /api/v1/admin/category/694ceaee9eefb8b3c3826305 200 97 - 635.694 ms","timestamp":"2026-01-22T07:20:44.375Z"}
{"level":"http","message":"GET /api/v1/admin/category 200 1241 - 137.825 ms","timestamp":"2026-01-22T07:20:44.533Z"}
{"level":"http","message":"GET /api/v1/admin/category 200 1241 - 153.457 ms","timestamp":"2026-01-22T07:20:44.693Z"}
{"level":"http","message":"PUT /api/v1/admin/category/67edf71d6525d3b469f05d23 200 337 - 364.927 ms","timestamp":"2026-01-22T07:21:18.548Z"}
{"level":"http","message":"GET /api/v1/admin/category 200 1240 - 171.211 ms","timestamp":"2026-01-22T07:21:18.745Z"}
{"level":"http","message":"GET /api/v1/admin/category 200 1240 - 142.121 ms","timestamp":"2026-01-22T07:21:18.894Z"}
{"level":"http","message":"PUT /api/v1/admin/category/67edf72f6525d3b469f05d26 200 313 - 370.217 ms","timestamp":"2026-01-22T07:21:25.175Z"}
{"level":"http","message":"GET /api/v1/admin/category 200 1239 - 149.132 ms","timestamp":"2026-01-22T07:21:25.353Z"}
{"level":"http","message":"GET /api/v1/admin/category 200 1239 - 144.412 ms","timestamp":"2026-01-22T07:21:25.502Z"}
{"level":"http","message":"PUT /api/v1/admin/category/67edf72f6525d3b469f05d26 200 313 - 366.357 ms","timestamp":"2026-01-22T07:21:32.463Z"}
{"level":"http","message":"GET /api/v1/admin/category 200 1239 - 140.423 ms","timestamp":"2026-01-22T07:21:32.636Z"}
{"level":"http","message":"GET /api/v1/admin/category 200 1239 - 157.066 ms","timestamp":"2026-01-22T07:21:32.799Z"}
{"level":"http","message":"PUT /api/v1/admin/category/680c58a7810f2e3fc9460618 200 397 - 382.886 ms","timestamp":"2026-01-22T07:21:40.211Z"}
{"level":"http","message":"GET /api/v1/admin/category 200 1238 - 144.577 ms","timestamp":"2026-01-22T07:21:40.381Z"}
{"level":"http","message":"GET /api/v1/admin/category 200 1238 - 147.769 ms","timestamp":"2026-01-22T07:21:40.536Z"}
{"level":"http","message":"PUT /api/v1/admin/category/67edf72f6525d3b469f05d26 200 431 - 318.530 ms","timestamp":"2026-01-22T07:22:27.419Z"}
{"level":"http","message":"GET /api/v1/admin/category 200 1356 - 137.359 ms","timestamp":"2026-01-22T07:22:27.585Z"}
{"level":"http","message":"GET /api/v1/admin/category 200 1356 - 171.009 ms","timestamp":"2026-01-22T07:22:27.764Z"}
{"level":"http","message":"PUT /api/v1/admin/category/680c58a7810f2e3fc9460618 200 509 - 292.710 ms","timestamp":"2026-01-22T07:22:59.434Z"}
{"level":"http","message":"GET /api/v1/admin/category 200 1468 - 164.213 ms","timestamp":"2026-01-22T07:22:59.622Z"}
{"level":"http","message":"GET /api/v1/admin/category 200 1468 - 159.803 ms","timestamp":"2026-01-22T07:22:59.787Z"}
{"level":"http","message":"PUT /api/v1/admin/category/67edf71d6525d3b469f05d23 200 456 - 281.255 ms","timestamp":"2026-01-22T07:23:12.152Z"}
{"level":"http","message":"GET /api/v1/admin/category 200 1587 - 146.068 ms","timestamp":"2026-01-22T07:23:12.320Z"}
{"level":"http","message":"GET /api/v1/admin/category 200 1587 - 154.104 ms","timestamp":"2026-01-22T07:23:12.478Z"}
{"level":"http","message":"GET /api/v1/admin/dashboard/analytics?startDate=2026-01-01&endDate=2026-01-22 200 856 - 945.382 ms","timestamp":"2026-01-22T07:23:16.569Z"}
{"level":"http","message":"GET /api/v1/admin/category 200 1587 - 180.414 ms","timestamp":"2026-01-22T07:24:42.575Z"}
{"level":"http","message":"GET /api/v1/admin/dashboard/analytics?startDate=2026-01-01&endDate=2026-01-22 200 856 - 890.868 ms","timestamp":"2026-01-22T07:24:43.299Z"}
{"level":"http","message":"GET /api/v1/admin/dashboard/analytics 200 1078 - 907.617 ms","timestamp":"2026-01-22T07:24:48.804Z"}
{"level":"http","message":"GET /api/v1/admin/category 200 1587 - 154.508 ms","timestamp":"2026-01-22T07:25:05.041Z"}
{"level":"http","message":"GET /api/v1/admin/courses/pending 200 116 - 220.782 ms","timestamp":"2026-01-22T07:25:06.815Z"}
{"level":"http","message":"GET /api/v1/admin/users 200 2562 - 325.459 ms","timestamp":"2026-01-22T07:25:09.182Z"}
{"level":"http","message":"GET /api/v1/admin/dashboard/stats 200 301 - 721.269 ms","timestamp":"2026-01-22T07:25:11.583Z"}
{"level":"http","message":"GET /api/v1/student/reviews 200 905 - 233.171 ms","timestamp":"2026-01-22T07:25:19.257Z"}
{"level":"http","message":"GET /api/v1/instructor/getFeaturedCourses 200 5565 - 234.179 ms","timestamp":"2026-01-22T07:25:19.269Z"}
{"level":"http","message":"GET /api/v1/admin/category 200 1587 - 293.078 ms","timestamp":"2026-01-22T07:25:23.646Z"}
{"level":"http","message":"GET /api/v1/admin/category/67edf72f6525d3b469f05d26 200 6477 - 907.633 ms","timestamp":"2026-01-22T07:25:24.578Z"}
{"level":"http","message":"GET /api/v1/instructor/getFeaturedCourses 200 5565 - 351.392 ms","timestamp":"2026-01-22T07:25:44.255Z"}
{"level":"http","message":"GET /api/v1/student/reviews 200 905 - 376.862 ms","timestamp":"2026-01-22T07:25:44.272Z"}
{"level":"http","message":"POST /api/v1/auth/sendotp 200 119 - 597.211 ms","timestamp":"2026-01-22T07:26:27.749Z"}
{"level":"http","message":"GET /api/v1/admin/category 200 1587 - 235.350 ms","timestamp":"2026-01-22T07:32:16.020Z"}
{"level":"http","message":"GET /api/v1/student/reviews 200 905 - 216.192 ms","timestamp":"2026-01-22T07:32:16.039Z"}
{"level":"http","message":"GET /api/v1/instructor/getFeaturedCourses 200 5565 - 233.340 ms","timestamp":"2026-01-22T07:32:16.069Z"}
{"level":"http","message":"POST /api/v1/auth/sendotp 200 119 - 452.946 ms","timestamp":"2026-01-22T07:33:29.757Z"}
{"level":"http","message":"POST /api/v1/auth/signup 201 256 - 744.411 ms","timestamp":"2026-01-22T07:33:51.982Z"}
{"level":"http","message":"POST /api/v1/auth/login 200 704 - 751.708 ms","timestamp":"2026-01-22T07:34:06.518Z"}
{"level":"http","message":"GET /api/v1/auth/getEnrolledCourses 200 115 - 226.639 ms","timestamp":"2026-01-22T07:34:09.387Z"}
{"level":"http","message":"GET /api/v1/auth/canDeleteAccount 200 144 - 732.021 ms","timestamp":"2026-01-22T07:34:14.206Z"}
{"level":"http","message":"GET /api/v1/auth/getEnrolledCourses 200 115 - 692.770 ms","timestamp":"2026-01-22T07:36:51.081Z"}
{"level":"http","message":"GET /api/v1/auth/canDeleteAccount 200 144 - 311.212 ms","timestamp":"2026-01-22T07:37:26.406Z"}
{"level":"http","message":"GET /api/v1/admin/category 200 1587 - 222.816 ms","timestamp":"2026-01-22T07:37:35.634Z"}
{"level":"http","message":"GET /api/v1/admin/category/67edf72f6525d3b469f05d26 200 6477 - 894.354 ms","timestamp":"2026-01-22T07:37:36.551Z"}
{"level":"http","message":"GET /api/v1/admin/category 200 1587 - 217.367 ms","timestamp":"2026-01-22T07:37:45.249Z"}
{"level":"http","message":"GET /api/v1/admin/category/680c58a7810f2e3fc9460618 200 6508 - 788.581 ms","timestamp":"2026-01-22T07:37:46.072Z"}
{"level":"http","message":"GET /api/v1/admin/category 200 1587 - 247.333 ms","timestamp":"2026-01-22T07:37:54.672Z"}
{"level":"http","message":"GET /api/v1/admin/category/67edf71d6525d3b469f05d23 200 6617 - 862.343 ms","timestamp":"2026-01-22T07:37:55.594Z"}
{"level":"http","message":"GET /api/v1/student/reviews 200 905 - 270.452 ms","timestamp":"2026-01-22T07:38:29.192Z"}
{"level":"http","message":"GET /api/v1/instructor/getFeaturedCourses 200 5565 - 355.243 ms","timestamp":"2026-01-22T07:38:29.297Z"}
{"level":"http","message":"GET /api/v1/admin/category 200 1587 - 162.692 ms","timestamp":"2026-01-22T07:38:38.665Z"}
{"level":"http","message":"GET /api/v1/admin/category/67edf72f6525d3b469f05d26 200 6477 - 588.032 ms","timestamp":"2026-01-22T07:38:39.271Z"}
{"level":"http","message":"GET /api/v1/instructor/course/6971c856c403e55d1bada69f 200 5329 - 383.555 ms","timestamp":"2026-01-22T07:38:41.194Z"}
{"level":"http","message":"POST /api/v1/student/capturePayment 200 197 - 1842.849 ms","timestamp":"2026-01-22T07:38:46.154Z"}
{"level":"http","message":"POST /api/v1/student/verifyPayment 200 110 - 7209.574 ms","timestamp":"2026-01-22T07:39:40.350Z"}
{"level":"http","message":"POST /api/v1/student/sendPaymentSuccessEmail 200 94 - 7228.285 ms","timestamp":"2026-01-22T07:39:40.356Z"}
{"level":"http","message":"GET /api/v1/auth/getEnrolledCourses 200 4917 - 739.192 ms","timestamp":"2026-01-22T07:39:41.273Z"}
{"level":"http","message":"GET /api/v1/admin/category 200 1587 - 332.137 ms","timestamp":"2026-01-22T07:39:57.155Z"}
{"level":"http","message":"GET /api/v1/admin/category/67edf72f6525d3b469f05d26 200 6529 - 1821.336 ms","timestamp":"2026-01-22T07:39:59.000Z"}
{"level":"http","message":"GET /api/v1/admin/category 200 1587 - 902.795 ms","timestamp":"2026-01-22T07:41:20.103Z"}
{"level":"http","message":"GET /api/v1/admin/category/680c58a7810f2e3fc9460618 200 6534 - 2082.540 ms","timestamp":"2026-01-22T07:41:22.251Z"}
{"level":"http","message":"GET /api/v1/instructor/course/696dc23c3ea70215a7b1801e 200 5342 - 515.483 ms","timestamp":"2026-01-22T07:41:24.316Z"}
{"level":"http","message":"POST /api/v1/student/capturePayment 200 197 - 839.266 ms","timestamp":"2026-01-22T07:41:28.294Z"}
{"level":"http","message":"POST /api/v1/student/sendPaymentSuccessEmail 200 94 - 4366.205 ms","timestamp":"2026-01-22T07:42:00.464Z"}
{"level":"http","message":"POST /api/v1/student/verifyPayment 200 110 - 4618.213 ms","timestamp":"2026-01-22T07:42:00.727Z"}
{"level":"http","message":"GET /api/v1/auth/getEnrolledCourses 200 9525 - 890.582 ms","timestamp":"2026-01-22T07:42:01.768Z"}
{"level":"http","message":"GET /api/v1/admin/category 200 1587 - 272.486 ms","timestamp":"2026-01-22T07:42:06.174Z"}
{"level":"http","message":"GET /api/v1/admin/category/67edf71d6525d3b469f05d23 200 6696 - 882.335 ms","timestamp":"2026-01-22T07:42:07.095Z"}
{"level":"http","message":"GET /api/v1/instructor/course/696dc65e3ea70215a7b18070 200 6277 - 340.536 ms","timestamp":"2026-01-22T07:42:09.585Z"}
{"level":"http","message":"POST /api/v1/student/capturePayment 200 196 - 794.851 ms","timestamp":"2026-01-22T07:42:12.540Z"}
{"level":"http","message":"POST /api/v1/student/sendPaymentSuccessEmail 200 94 - 4591.793 ms","timestamp":"2026-01-22T07:42:47.632Z"}
{"level":"http","message":"POST /api/v1/student/verifyPayment 200 110 - 4858.912 ms","timestamp":"2026-01-22T07:42:47.906Z"}
{"level":"http","message":"GET /api/v1/auth/getEnrolledCourses 200 15112 - 677.661 ms","timestamp":"2026-01-22T07:42:48.735Z"}
{"level":"http","message":"GET /api/v1/student/reviews 200 905 - 228.540 ms","timestamp":"2026-01-22T07:43:57.407Z"}
{"level":"http","message":"GET /api/v1/instructor/getFeaturedCourses 200 5645 - 395.879 ms","timestamp":"2026-01-22T07:43:57.590Z"}
{"level":"http","message":"POST /api/v1/auth/login 200 780 - 752.894 ms","timestamp":"2026-01-22T07:44:22.060Z"}
{"level":"http","message":"GET /api/v1/admin/dashboard/stats 200 302 - 712.104 ms","timestamp":"2026-01-22T07:44:24.437Z"}
{"level":"http","message":"GET /api/v1/admin/users 200 3299 - 491.349 ms","timestamp":"2026-01-22T07:44:31.483Z"}
{"level":"http","message":"GET /api/v1/admin/courses/pending 200 116 - 357.737 ms","timestamp":"2026-01-22T07:44:33.836Z"}
{"level":"http","message":"GET /api/v1/admin/category 200 1587 - 301.941 ms","timestamp":"2026-01-22T07:44:35.998Z"}
{"level":"http","message":"GET /api/v1/admin/dashboard/analytics?startDate=2026-01-01&endDate=2026-01-22 200 859 - 1395.307 ms","timestamp":"2026-01-22T07:44:38.818Z"}
{"level":"http","message":"GET /api/v1/admin/dashboard/analytics 200 1084 - 1337.631 ms","timestamp":"2026-01-22T07:44:47.868Z"}
{"level":"http","message":"GET /api/v1/auth/canDeleteAccount 200 144 - 189.025 ms","timestamp":"2026-01-22T07:45:03.943Z"}
{"level":"http","message":"GET /api/v1/admin/dashboard/stats 200 302 - 1002.410 ms","timestamp":"2026-01-22T07:49:15.552Z"}
{"level":"http","message":"GET /api/v1/admin/users 200 3299 - 294.522 ms","timestamp":"2026-01-22T07:49:17.268Z"}
{"level":"http","message":"GET /api/v1/admin/courses/pending 200 116 - 257.058 ms","timestamp":"2026-01-22T07:49:18.925Z"}
{"level":"http","message":"GET /api/v1/admin/category 200 1587 - 200.099 ms","timestamp":"2026-01-22T07:49:21.487Z"}
{"level":"http","message":"GET /api/v1/admin/dashboard/analytics?startDate=2026-01-01&endDate=2026-01-22 200 859 - 1876.478 ms","timestamp":"2026-01-22T07:49:24.766Z"}
{"level":"http","message":"GET /api/v1/admin/dashboard/analytics?startDate=2026-01-01&endDate=2026-01-22 200 859 - 1310.762 ms","timestamp":"2026-01-22T07:49:31.014Z"}
{"level":"http","message":"GET /api/v1/instructor/getFeaturedCourses 200 5645 - 243.579 ms","timestamp":"2026-01-22T07:49:38.292Z"}
{"level":"http","message":"GET /api/v1/student/reviews 200 905 - 266.568 ms","timestamp":"2026-01-22T07:49:38.307Z"}
{"level":"http","message":"POST /api/v1/auth/login 200 704 - 668.358 ms","timestamp":"2026-01-22T07:49:54.676Z"}
{"level":"http","message":"GET /api/v1/auth/getEnrolledCourses 200 15112 - 1013.082 ms","timestamp":"2026-01-22T07:49:57.646Z"}
{"level":"http","message":"POST /api/v1/instructor/getFullCourseDetails 200 5373 - 439.758 ms","timestamp":"2026-01-22T07:50:03.586Z"}
{"level":"http","message":"POST /api/v1/student/createRating 201 278 - 803.927 ms","timestamp":"2026-01-22T07:51:00.413Z"}
{"level":"http","message":"GET /api/v1/auth/getEnrolledCourses 200 15138 - 1100.673 ms","timestamp":"2026-01-22T07:51:03.354Z"}
{"level":"http","message":"POST /api/v1/instructor/getFullCourseDetails 200 5387 - 457.313 ms","timestamp":"2026-01-22T07:51:05.953Z"}
{"level":"http","message":"POST /api/v1/student/createRating 201 281 - 1116.820 ms","timestamp":"2026-01-22T07:51:44.238Z"}
{"level":"http","message":"GET /api/v1/auth/getEnrolledCourses 200 15165 - 1013.639 ms","timestamp":"2026-01-22T07:51:47.011Z"}
{"level":"http","message":"POST /api/v1/instructor/getFullCourseDetails 200 6322 - 297.359 ms","timestamp":"2026-01-22T07:51:48.753Z"}
{"level":"http","message":"POST /api/v1/student/createRating 201 259 - 617.879 ms","timestamp":"2026-01-22T07:52:01.236Z"}
{"level":"http","message":"GET /api/v1/instructor/getFeaturedCourses 200 6123 - 251.918 ms","timestamp":"2026-01-22T07:52:03.591Z"}
{"level":"http","message":"GET /api/v1/student/reviews 200 1960 - 264.151 ms","timestamp":"2026-01-22T07:52:03.598Z"}
{"level":"http","message":"GET /api/v1/admin/category 200 1587 - 218.487 ms","timestamp":"2026-01-22T07:52:31.240Z"}
{"level":"http","message":"GET /api/v1/admin/category/67edf72f6525d3b469f05d26 200 6881 - 897.176 ms","timestamp":"2026-01-22T07:52:32.163Z"}
{"level":"http","message":"GET /api/v1/student/reviews 200 1960 - 234.103 ms","timestamp":"2026-01-22T07:52:39.651Z"}
{"level":"http","message":"GET /api/v1/instructor/getFeaturedCourses 200 6123 - 234.682 ms","timestamp":"2026-01-22T07:52:39.664Z"}
{"level":"http","message":"POST /api/v1/auth/sendotp 200 118 - 32238.293 ms","timestamp":"2026-01-22T07:53:47.958Z"}
{"level":"http","message":"POST /api/v1/auth/signup 201 252 - 1017.206 ms","timestamp":"2026-01-22T07:54:13.871Z"}
{"level":"http","message":"POST /api/v1/auth/login 200 696 - 984.843 ms","timestamp":"2026-01-22T07:54:22.269Z"}
{"level":"http","message":"GET /api/v1/admin/category 200 1587 - 456.943 ms","timestamp":"2026-01-22T07:54:28.708Z"}
{"level":"http","message":"GET /api/v1/admin/category/680c58a7810f2e3fc9460618 200 6917 - 2540.391 ms","timestamp":"2026-01-22T07:54:31.275Z"}
{"level":"http","message":"GET /api/v1/instructor/course/696dc23c3ea70215a7b1801e 200 5537 - 1857.678 ms","timestamp":"2026-01-22T07:54:34.358Z"}
{"level":"http","message":"POST /api/v1/student/capturePayment 200 197 - 1031.630 ms","timestamp":"2026-01-22T07:54:38.136Z"}
{"level":"http","message":"POST /api/v1/student/sendPaymentSuccessEmail 200 94 - 8385.473 ms","timestamp":"2026-01-22T07:55:11.314Z"}
{"level":"http","message":"POST /api/v1/student/verifyPayment 200 110 - 8985.653 ms","timestamp":"2026-01-22T07:55:11.930Z"}
{"level":"http","message":"GET /api/v1/auth/getEnrolledCourses 200 4776 - 1704.685 ms","timestamp":"2026-01-22T07:55:13.868Z"}
{"level":"http","message":"POST /api/v1/instructor/getFullCourseDetails 200 5582 - 430.702 ms","timestamp":"2026-01-22T07:55:16.381Z"}
{"level":"http","message":"POST /api/v1/student/createRating 400 1049 - 437.444 ms","timestamp":"2026-01-22T07:55:47.901Z"}
{"level":"http","message":"POST /api/v1/student/createRating 201 271 - 1122.993 ms","timestamp":"2026-01-22T07:56:01.382Z"}
{"level":"http","message":"GET /api/v1/instructor/getFeaturedCourses 200 6308 - 390.845 ms","timestamp":"2026-01-22T07:56:03.955Z"}
{"level":"http","message":"GET /api/v1/student/reviews 200 2304 - 417.173 ms","timestamp":"2026-01-22T07:56:03.966Z"}
{"level":"http","message":"GET /api/v1/admin/category 200 1587 - 361.572 ms","timestamp":"2026-01-22T07:56:33.850Z"}
{"level":"http","message":"GET /api/v1/admin/category/67edf72f6525d3b469f05d26 200 6935 - 24399.534 ms","timestamp":"2026-01-22T07:56:58.273Z"}
{"level":"http","message":"GET /api/v1/instructor/getFeaturedCourses 200 6308 - 1059.181 ms","timestamp":"2026-01-22T07:59:05.737Z"}
{"level":"http","message":"GET /api/v1/student/reviews 200 2304 - 1095.730 ms","timestamp":"2026-01-22T07:59:05.744Z"}
{"level":"http","message":"GET /api/v1/admin/category 200 1587 - 194.110 ms","timestamp":"2026-01-22T07:59:07.241Z"}
{"level":"http","message":"GET /api/v1/admin/category/67edf72f6525d3b469f05d26 200 6935 - 1512.947 ms","timestamp":"2026-01-22T07:59:08.777Z"}
{"level":"http","message":"GET /api/v1/student/reviews 200 2304 - 321.305 ms","timestamp":"2026-01-22T08:31:29.982Z"}
{"level":"http","message":"GET /api/v1/instructor/getFeaturedCourses 200 6308 - 313.180 ms","timestamp":"2026-01-22T08:31:29.991Z"}
{"level":"http","message":"GET /api/v1/admin/category 200 1587 - 200.822 ms","timestamp":"2026-01-22T08:31:32.949Z"}
{"level":"http","message":"GET /api/v1/admin/category/67edf72f6525d3b469f05d26 200 6935 - 820.507 ms","timestamp":"2026-01-22T08:31:33.798Z"}
{"level":"http","message":"GET /api/v1/instructor/getFeaturedCourses 200 6308 - 148.754 ms","timestamp":"2026-01-22T08:31:42.366Z"}
{"level":"http","message":"GET /api/v1/student/reviews 200 2304 - 167.079 ms","timestamp":"2026-01-22T08:31:42.377Z"}
{"level":"http","message":"GET /api/v1/admin/category 200 1587 - 279.190 ms","timestamp":"2026-01-24T05:35:30.979Z"}
{"level":"http","message":"GET /api/v1/student/reviews 200 2304 - 249.953 ms","timestamp":"2026-01-24T05:35:31.013Z"}
{"level":"http","message":"GET /api/v1/instructor/getFeaturedCourses 200 6308 - 262.942 ms","timestamp":"2026-01-24T05:35:31.047Z"}
{"level":"http","message":"GET /api/v1/admin/category 200 1587 - 235.678 ms","timestamp":"2026-02-10T03:45:53.177Z"}
{"level":"http","message":"GET /api/v1/student/reviews 200 2304 - 276.350 ms","timestamp":"2026-02-10T03:45:53.212Z"}
{"level":"http","message":"GET /api/v1/instructor/getFeaturedCourses 200 6308 - 294.257 ms","timestamp":"2026-02-10T03:45:53.242Z"}
{"level":"http","message":"POST /api/v1/auth/login 200 780 - 471.508 ms","timestamp":"2026-02-10T03:46:15.680Z"}
{"level":"http","message":"GET /api/v1/auth/canDeleteAccount 200 144 - 145.966 ms","timestamp":"2026-02-10T03:46:22.553Z"}
{"level":"http","message":"PUT /api/v1/auth/updateDisplayPicture 200 1304 - 4009.124 ms","timestamp":"2026-02-10T03:46:39.580Z"}
{"level":"http","message":"GET /api/v1/admin/dashboard/stats 200 302 - 670.368 ms","timestamp":"2026-02-10T03:46:49.065Z"}
{"level":"http","message":"GET /api/v1/admin/users 200 3921 - 282.273 ms","timestamp":"2026-02-10T03:46:52.603Z"}
{"level":"http","message":"GET /api/v1/admin/courses/pending 200 116 - 189.830 ms","timestamp":"2026-02-10T03:47:01.144Z"}
{"level":"http","message":"GET /api/v1/admin/category 200 1587 - 135.915 ms","timestamp":"2026-02-10T03:47:02.987Z"}
{"level":"http","message":"GET /api/v1/admin/dashboard/analytics?startDate=2026-01-01&endDate=2026-02-10 200 1007 - 843.790 ms","timestamp":"2026-02-10T03:47:05.265Z"}
{"level":"http","message":"GET /api/v1/admin/dashboard/analytics 200 1089 - 729.174 ms","timestamp":"2026-02-10T03:47:12.228Z"}
{"level":"http","message":"GET /api/v1/auth/canDeleteAccount 200 144 - 146.593 ms","timestamp":"2026-02-10T03:47:20.685Z"}
{"level":"http","message":"GET /api/v1/admin/category 200 1587 - 132.772 ms","timestamp":"2026-02-10T03:47:44.318Z"}
{"level":"http","message":"GET /api/v1/admin/courses/pending 200 116 - 191.705 ms","timestamp":"2026-02-10T03:47:46.576Z"}
{"level":"http","message":"GET /api/v1/admin/users 200 3921 - 261.315 ms","timestamp":"2026-02-10T03:47:48.817Z"}
{"level":"http","message":"GET /api/v1/instructor/getFeaturedCourses 200 6308 - 145.404 ms","timestamp":"2026-02-10T03:47:57.510Z"}
{"level":"http","message":"GET /api/v1/student/reviews 200 2304 - 168.472 ms","timestamp":"2026-02-10T03:47:57.520Z"}
{"level":"http","message":"POST /api/v1/auth/login 200 752 - 381.422 ms","timestamp":"2026-02-10T03:48:08.083Z"}
{"level":"http","message":"GET /api/v1/auth/canDeleteAccount 200 186 - 206.734 ms","timestamp":"2026-02-10T03:48:11.063Z"}
{"level":"http","message":"PUT /api/v1/auth/updateDisplayPicture 200 877 - 3160.008 ms","timestamp":"2026-02-10T03:48:46.111Z"}
{"level":"http","message":"GET /api/v1/student/reviews 200 2304 - 150.429 ms","timestamp":"2026-02-10T03:49:02.790Z"}
{"level":"http","message":"GET /api/v1/instructor/getFeaturedCourses 200 6308 - 153.072 ms","timestamp":"2026-02-10T03:49:02.812Z"}
{"level":"http","message":"POST /api/v1/auth/login 200 748 - 330.048 ms","timestamp":"2026-02-10T03:49:14.817Z"}
{"level":"http","message":"GET /api/v1/auth/canDeleteAccount 200 144 - 136.540 ms","timestamp":"2026-02-10T03:49:17.104Z"}
{"level":"http","message":"PUT /api/v1/auth/updateDisplayPicture 200 902 - 1770.861 ms","timestamp":"2026-02-10T03:49:31.184Z"}
{"level":"http","message":"GET /api/v1/instructor/getFeaturedCourses 200 6308 - 138.350 ms","timestamp":"2026-02-10T03:49:38.451Z"}
{"level":"http","message":"GET /api/v1/student/reviews 200 2304 - 153.111 ms","timestamp":"2026-02-10T03:49:38.459Z"}
{"level":"http","message":"POST /api/v1/auth/login 200 780 - 313.913 ms","timestamp":"2026-02-10T03:49:50.277Z"}
{"level":"http","message":"GET /api/v1/admin/dashboard/stats 200 302 - 645.431 ms","timestamp":"2026-02-10T03:49:54.039Z"}
{"level":"http","message":"GET /api/v1/admin/users 200 3921 - 251.581 ms","timestamp":"2026-02-10T03:49:57.150Z"}
{"level":"http","message":"GET /api/v1/admin/category 200 1587 - 122.858 ms","timestamp":"2026-02-10T03:50:12.365Z"}
{"level":"http","message":"GET /api/v1/admin/category 200 1587 - 284.100 ms","timestamp":"2026-02-26T05:56:30.603Z"}
{"level":"http","message":"GET /api/v1/student/reviews 200 2304 - 379.261 ms","timestamp":"2026-02-26T05:56:30.719Z"}
{"level":"http","message":"GET /api/v1/instructor/getFeaturedCourses 200 6308 - 425.463 ms","timestamp":"2026-02-26T05:56:30.775Z"}
{"level":"http","message":"GET /api/v1/admin/category 200 1587 - 164.517 ms","timestamp":"2026-02-26T05:56:38.071Z"}
{"level":"http","message":"GET /api/v1/admin/category/67edf72f6525d3b469f05d26 200 6935 - 610.964 ms","timestamp":"2026-02-26T05:56:38.848Z"}
{"level":"http","message":"GET /api/v1/admin/category 200 1587 - 171.767 ms","timestamp":"2026-02-26T05:56:46.295Z"}
{"level":"http","message":"GET /api/v1/admin/category 200 1587 - 139.199 ms","timestamp":"2026-02-26T05:56:46.448Z"}
{"level":"http","message":"GET /api/v1/admin/category/67edf72f6525d3b469f05d26 200 6935 - 562.135 ms","timestamp":"2026-02-26T05:56:47.169Z"}
{"level":"http","message":"GET /api/v1/student/reviews 200 2304 - 148.926 ms","timestamp":"2026-02-26T05:56:52.328Z"}
{"level":"http","message":"GET /api/v1/instructor/getFeaturedCourses 200 6308 - 147.899 ms","timestamp":"2026-02-26T05:56:52.340Z"}
{"level":"http","message":"GET /api/v1/admin/category 200 1587 - 141.615 ms","timestamp":"2026-02-26T05:56:55.520Z"}
{"level":"http","message":"GET /api/v1/admin/category/680c58a7810f2e3fc9460618 200 7156 - 529.035 ms","timestamp":"2026-02-26T05:56:56.154Z"}
{"level":"http","message":"GET /api/v1/instructor/course/696dc65e3ea70215a7b18070 200 6450 - 254.954 ms","timestamp":"2026-02-26T05:57:11.561Z"}
{"level":"http","message":"GET /api/v1/admin/category 200 1587 - 157.644 ms","timestamp":"2026-02-26T06:06:18.745Z"}
{"level":"http","message":"GET /api/v1/admin/category/67edf72f6525d3b469f05d26 200 6935 - 507.317 ms","timestamp":"2026-02-26T06:06:19.273Z"}
{"level":"http","message":"GET /api/v1/admin/category 200 1587 - 157.320 ms","timestamp":"2026-02-26T06:06:56.785Z"}
{"level":"http","message":"GET /api/v1/instructor/course/696dc65e3ea70215a7b18070 200 6450 - 236.128 ms","timestamp":"2026-02-26T06:06:56.868Z"}
{"level":"http","message":"GET /api/v1/student/reviews 200 2304 - 181.109 ms","timestamp":"2026-02-26T06:33:18.841Z"}
{"level":"http","message":"GET /api/v1/admin/category 200 1587 - 234.725 ms","timestamp":"2026-02-26T06:33:18.858Z"}
{"level":"http","message":"GET /api/v1/instructor/getFeaturedCourses 200 6308 - 240.564 ms","timestamp":"2026-02-26T06:33:18.881Z"}
{"level":"http","message":"GET /api/v1/admin/category 200 1587 - 128.659 ms","timestamp":"2026-02-26T06:33:27.071Z"}
{"level":"http","message":"GET /api/v1/admin/category/67edf72f6525d3b469f05d26 200 6935 - 488.124 ms","timestamp":"2026-02-26T06:33:27.577Z"}
{"level":"http","message":"GET /api/v1/admin/category 200 1587 - 113.326 ms","timestamp":"2026-02-26T06:33:51.100Z"}
{"level":"http","message":"GET /api/v1/admin/category/680c58a7810f2e3fc9460618 200 7156 - 485.276 ms","timestamp":"2026-02-26T06:33:51.596Z"}
{"level":"http","message":"POST /api/v1/auth/login 401 694 - 119.697 ms","timestamp":"2026-02-26T06:46:04.212Z"}
{"level":"http","message":"POST /api/v1/auth/login 401 694 - 85.632 ms","timestamp":"2026-02-26T06:46:35.783Z"}
{"level":"http","message":"GET /api/v1/admin/category 200 1587 - 167.650 ms","timestamp":"2026-02-26T06:46:44.516Z"}
{"level":"http","message":"GET /api/v1/student/reviews 200 2304 - 167.809 ms","timestamp":"2026-02-26T06:46:44.540Z"}
{"level":"http","message":"GET /api/v1/instructor/getFeaturedCourses 200 6308 - 177.236 ms","timestamp":"2026-02-26T06:46:44.560Z"}
{"level":"http","message":"POST /api/v1/auth/login 401 694 - 63.229 ms","timestamp":"2026-02-26T06:46:52.783Z"}
{"level":"http","message":"POST /api/v1/auth/login 200 780 - 392.382 ms","timestamp":"2026-02-26T06:47:02.469Z"}
{"level":"http","message":"GET /api/v1/admin/dashboard/stats 200 302 - 660.872 ms","timestamp":"2026-02-26T06:47:05.347Z"}
{"level":"http","message":"GET /api/v1/admin/users 200 3921 - 247.232 ms","timestamp":"2026-02-26T06:47:09.234Z"}
{"level":"http","message":"GET /api/v1/admin/courses/pending 200 116 - 177.654 ms","timestamp":"2026-02-26T06:47:18.685Z"}
{"level":"http","message":"GET /api/v1/admin/category 200 1587 - 128.938 ms","timestamp":"2026-02-26T06:47:20.883Z"}
{"level":"http","message":"GET /api/v1/admin/dashboard/analytics?startDate=2026-01-01&endDate=2026-02-26 200 1007 - 837.210 ms","timestamp":"2026-02-26T06:47:30.908Z"}
{"level":"http","message":"GET /api/v1/auth/canDeleteAccount 200 144 - 120.409 ms","timestamp":"2026-02-26T06:47:33.652Z"}
{"level":"http","message":"GET /api/v1/admin/dashboard/stats 200 302 - 626.149 ms","timestamp":"2026-02-26T06:47:38.198Z"}
{"level":"http","message":"GET /api/v1/admin/users 200 3921 - 266.718 ms","timestamp":"2026-02-26T06:47:40.256Z"}
{"level":"http","message":"GET /api/v1/instructor/getFeaturedCourses 200 6308 - 118.927 ms","timestamp":"2026-02-26T06:47:48.741Z"}
{"level":"http","message":"GET /api/v1/student/reviews 200 2304 - 129.594 ms","timestamp":"2026-02-26T06:47:48.747Z"}
{"level":"http","message":"POST /api/v1/auth/login 200 752 - 327.888 ms","timestamp":"2026-02-26T06:47:59.047Z"}
{"level":"http","message":"GET /api/v1/auth/instructorDashboard 200 1111 - 137.843 ms","timestamp":"2026-02-26T06:48:01.779Z"}
{"level":"http","message":"GET /api/v1/instructor/getInstructorCourses 200 5346 - 245.062 ms","timestamp":"2026-02-26T06:48:02.040Z"}
{"level":"http","message":"GET /api/v1/instructor/getInstructorCourses 200 5346 - 253.721 ms","timestamp":"2026-02-26T06:48:09.428Z"}
{"level":"http","message":"POST /api/v1/instructor/getFullCourseDetails 200 5537 - 268.372 ms","timestamp":"2026-02-26T06:48:11.950Z"}
{"level":"http","message":"GET /api/v1/admin/category 200 1587 - 142.158 ms","timestamp":"2026-02-26T06:48:12.143Z"}
{"level":"http","message":"PUT /api/v1/instructor/course/6971c856c403e55d1bada69f 200 1377 - 2348.695 ms","timestamp":"2026-02-26T06:48:35.621Z"}
{"level":"http","message":"POST /api/v1/instructor/createSubSection 201 4704 - 29194.809 ms","timestamp":"2026-02-26T06:50:31.357Z"}
{"level":"http","message":"PUT /api/v1/instructor/course/6971c856c403e55d1bada69f 200 1404 - 499.933 ms","timestamp":"2026-02-26T06:52:16.220Z"}
{"level":"http","message":"GET /api/v1/auth/instructorDashboard 200 1111 - 153.757 ms","timestamp":"2026-02-26T06:52:20.157Z"}
{"level":"http","message":"GET /api/v1/instructor/getInstructorCourses 200 5346 - 245.789 ms","timestamp":"2026-02-26T06:52:20.428Z"}
{"level":"http","message":"GET /api/v1/instructor/getInstructorCourses 200 5346 - 245.604 ms","timestamp":"2026-02-26T06:52:29.402Z"}
{"level":"http","message":"POST /api/v1/instructor/getFullCourseDetails 200 6468 - 254.296 ms","timestamp":"2026-02-26T06:52:34.462Z"}
{"level":"http","message":"GET /api/v1/admin/category 200 1587 - 133.126 ms","timestamp":"2026-02-26T06:52:34.636Z"}
{"level":"http","message":"PUT /api/v1/instructor/course/696dc65e3ea70215a7b18070 200 1285 - 2630.749 ms","timestamp":"2026-02-26T06:53:04.185Z"}
{"level":"http","message":"POST /api/v1/instructor/createSubSection 201 5579 - 25639.741 ms","timestamp":"2026-02-26T06:54:20.710Z"}
{"level":"http","message":"PUT /api/v1/instructor/course/696dc65e3ea70215a7b18070 200 1312 - 295.933 ms","timestamp":"2026-02-26T06:54:46.438Z"}
{"level":"http","message":"GET /api/v1/instructor/getInstructorCourses 200 5346 - 278.740 ms","timestamp":"2026-02-26T06:54:54.534Z"}
{"level":"http","message":"POST /api/v1/instructor/getFullCourseDetails 200 5740 - 242.429 ms","timestamp":"2026-02-26T06:54:58.807Z"}
{"level":"http","message":"GET /api/v1/admin/category 200 1587 - 122.372 ms","timestamp":"2026-02-26T06:54:58.957Z"}
{"level":"http","message":"PUT /api/v1/instructor/course/696dc23c3ea70215a7b1801e 200 1334 - 1859.335 ms","timestamp":"2026-02-26T06:55:24.686Z"}
{"level":"http","message":"POST /api/v1/instructor/createSubSection 201 4637 - 134878.354 ms","timestamp":"2026-02-26T06:58:23.393Z"}
{"level":"http","message":"PUT /api/v1/instructor/course/696dc23c3ea70215a7b1801e 200 1361 - 304.507 ms","timestamp":"2026-02-26T06:59:02.715Z"}
{"level":"http","message":"GET /api/v1/auth/instructorDashboard 200 1111 - 125.184 ms","timestamp":"2026-02-26T06:59:07.441Z"}
{"level":"http","message":"GET /api/v1/instructor/getInstructorCourses 200 5346 - 255.169 ms","timestamp":"2026-02-26T06:59:07.712Z"}
{"level":"http","message":"GET /api/v1/instructor/getInstructorCourses 200 5346 - 268.857 ms","timestamp":"2026-02-26T06:59:10.100Z"}
{"level":"http","message":"GET /api/v1/instructor/getFeaturedCourses 200 6308 - 120.786 ms","timestamp":"2026-02-26T06:59:14.274Z"}
{"level":"http","message":"GET /api/v1/student/reviews 200 2304 - 132.655 ms","timestamp":"2026-02-26T06:59:14.281Z"}
{"level":"http","message":"GET /api/v1/admin/category 200 1587 - 151.625 ms","timestamp":"2026-02-26T06:59:16.250Z"}
{"level":"http","message":"GET /api/v1/admin/category/67edf72f6525d3b469f05d26 200 6935 - 500.555 ms","timestamp":"2026-02-26T06:59:16.772Z"}
{"level":"http","message":"GET /api/v1/admin/category 200 1587 - 127.530 ms","timestamp":"2026-02-26T06:59:25.802Z"}
{"level":"http","message":"GET /api/v1/admin/category/680c58a7810f2e3fc9460618 200 7156 - 521.910 ms","timestamp":"2026-02-26T06:59:26.345Z"}
{"level":"http","message":"GET /api/v1/student/reviews 200 2304 - 138.302 ms","timestamp":"2026-02-26T06:59:40.596Z"}
{"level":"http","message":"GET /api/v1/instructor/getFeaturedCourses 200 6308 - 138.823 ms","timestamp":"2026-02-26T06:59:40.605Z"}
{"level":"http","message":"POST /api/v1/auth/login 200 748 - 348.597 ms","timestamp":"2026-02-26T07:00:05.136Z"}
{"level":"http","message":"GET /api/v1/auth/getEnrolledCourses 200 14547 - 496.172 ms","timestamp":"2026-02-26T07:00:08.241Z"}
{"level":"http","message":"POST /api/v1/instructor/getFullCourseDetails 200 6942 - 255.003 ms","timestamp":"2026-02-26T07:00:10.276Z"}
{"level":"http","message":"GET /api/v1/auth/getEnrolledCourses 200 14547 - 522.916 ms","timestamp":"2026-02-26T07:00:14.366Z"}
{"level":"http","message":"POST /api/v1/instructor/getFullCourseDetails 200 9395 - 256.738 ms","timestamp":"2026-02-26T07:00:15.734Z"}
{"level":"http","message":"GET /api/v1/auth/getEnrolledCourses 200 14547 - 510.977 ms","timestamp":"2026-02-26T07:00:30.553Z"}
{"level":"http","message":"GET /api/v1/student/reviews 200 2304 - 142.923 ms","timestamp":"2026-02-26T07:00:34.593Z"}
{"level":"http","message":"GET /api/v1/auth/getEnrolledCourses 401 92 - 70.076 ms","timestamp":"2026-02-26T07:40:05.441Z"}
{"level":"http","message":"POST /api/v1/auth/refresh 401 4583 - 23.071 ms","timestamp":"2026-02-26T07:40:05.497Z"}
